{"talks": [{"code": "7GFUFN", "title": "Progressive heuristic project", "abstract": "Drive rich networks!", "speakers": ["QUFNEA"], "track": 3, "start": "2022-09-26T09:00:00+02:00", "end": "2022-09-26T10:30:00+02:00", "room": 2}, {"code": "KEPZGG", "title": "Enterprise-wide transitional focus group", "abstract": "Architect proactive communities!", "speakers": ["9MSKBX"], "track": 3, "start": "2022-09-26T09:00:00+02:00", "end": "2022-09-26T09:30:00+02:00", "room": 3}, {"code": "KVV9SM", "title": "Advanced intermediate frame", "abstract": "Innovate interactive mindshare!", "speakers": ["HLJQTE", "VAFUEZ"], "track": 4, "start": "2022-09-26T09:30:00+02:00", "end": "2022-09-26T10:00:00+02:00", "room": 3}, {"code": "MFJWTK", "title": "Polarized national hardware", "abstract": "Cultivate strategic web services!", "speakers": ["TN7MSR"], "track": 5, "start": "2022-09-26T10:00:00+02:00", "end": "2022-09-26T10:30:00+02:00", "room": 3}, {"code": "RJ3UC9", "title": "Customizable logistical capacity", "abstract": "Transition revolutionary web services!", "speakers": ["CSZSVP"], "track": 5, "start": "2022-09-26T11:30:00+02:00", "end": "2022-09-26T12:00:00+02:00", "room": 3}, {"code": "WTQH8E", "title": "Advanced mission-critical Internet solution", "abstract": "Monetize turn-key applications!", "speakers": ["9AQZE7"], "track": 4, "start": "2022-09-26T11:30:00+02:00", "end": "2022-09-26T13:00:00+02:00", "room": 2}, {"code": "FT8CCE", "title": "Extended upward-trending data-warehouse", "abstract": "E-enable clicks-and-mortar bandwidth!", "speakers": ["KFPBWD"], "track": 1, "start": "2022-09-26T12:00:00+02:00", "end": "2022-09-26T12:30:00+02:00", "room": 3}, {"code": "UKNPKR", "title": "Devolved hybrid artificial intelligence", "abstract": "Aggregate front-end portals!", "speakers": ["N7TZPZ"], "track": 2, "start": "2022-09-26T12:30:00+02:00", "end": "2022-09-26T13:00:00+02:00", "room": 3}, {"code": "LC7EVM", "title": "Re-engineered systematic application", "abstract": "Engage dot-com eyeballs!", "speakers": ["7ZNZM3"], "track": 5, "start": "2022-09-26T14:00:00+02:00", "end": "2022-09-26T15:30:00+02:00", "room": 2}, {"code": "BAZHFR", "title": "Future-proofed non-volatile hierarchy", "abstract": "Architect plug-and-play e-markets!", "speakers": ["TMBU83"], "track": 2, "start": "2022-09-26T14:00:00+02:00", "end": "2022-09-26T14:30:00+02:00", "room": 3}, {"code": "C3ZFHA", "title": "User-centric content-based standardization", "abstract": "Reinvent intuitive convergence!", "speakers": ["YJZAPZ", "BJEQP3"], "track": 5, "start": "2022-09-26T14:30:00+02:00", "end": "2022-09-26T15:00:00+02:00", "room": 3}, {"code": "URBH7V", "title": "Decentralized regional extranet", "abstract": "Innovate holistic mindshare!", "speakers": ["79WAS7"], "track": 4, "start": "2022-09-26T15:00:00+02:00", "end": "2022-09-26T15:30:00+02:00", "room": 3}, {"code": "ULCXRU", "title": "Face-to-face responsive success", "abstract": "Evolve cross-platform vortals!", "speakers": ["CMRQGV"], "track": 1, "start": "2022-09-27T09:00:00+02:00", "end": "2022-09-27T09:30:00+02:00", "room": 3}, {"code": "METENP", "title": "Enterprise-wide actuating benchmark", "abstract": "Engineer back-end schemas!", "speakers": ["H93CTP"], "track": 5, "start": "2022-09-27T09:00:00+02:00", "end": "2022-09-27T10:30:00+02:00", "room": 2}, {"code": "Y9GTAF", "title": "Organized human-resource knowledgebase", "abstract": "Empower plug-and-play markets!", "speakers": ["BNFVJ3"], "track": 4, "start": "2022-09-27T09:30:00+02:00", "end": "2022-09-27T10:00:00+02:00", "room": 3}, {"code": "NJBUNV", "title": "User-friendly homogeneous protocol", "abstract": "Optimize visionary markets!", "speakers": ["ULRUMQ", "G9Y9HE"], "track": 1, "start": "2022-09-27T10:00:00+02:00", "end": "2022-09-27T10:30:00+02:00", "room": 3}, {"code": "EPRUXS", "title": "Upgradable bottom-line artificial intelligence", "abstract": "Orchestrate cross-media action-items!", "speakers": ["VBXNUU"], "track": 2, "start": "2022-09-27T11:30:00+02:00", "end": "2022-09-27T13:00:00+02:00", "room": 2}, {"code": "SETJGY", "title": "Fully-configurable context-sensitive standardization", "abstract": "Envisioneer end-to-end niches!", "speakers": ["8USBSE"], "track": 3, "start": "2022-09-27T11:30:00+02:00", "end": "2022-09-27T12:00:00+02:00", "room": 3}, {"code": "KWWYFH", "title": "Ergonomic tangible info-mediaries", "abstract": "Facilitate efficient info-mediaries!", "speakers": ["UKJDAJ"], "track": 3, "start": "2022-09-27T12:00:00+02:00", "end": "2022-09-27T12:30:00+02:00", "room": 3}, {"code": "QZZC9Y", "title": "Customer-focused context-sensitive artificial intelligence", "abstract": "Strategize efficient systems!", "speakers": ["MP78ZC"], "track": 3, "start": "2022-09-27T12:30:00+02:00", "end": "2022-09-27T13:00:00+02:00", "room": 3}, {"code": "F9XF3T", "title": "Profit-focused multimedia system engine", "abstract": "Optimize front-end infrastructures!", "speakers": ["VAFUEZ"], "track": 2, "start": "2022-09-27T14:00:00+02:00", "end": "2022-09-27T14:30:00+02:00", "room": 3}, {"code": "RADKTS", "title": "Secured local framework", "abstract": "Exploit dynamic relationships!", "speakers": ["M9XHAP"], "track": 4, "start": "2022-09-27T14:00:00+02:00", "end": "2022-09-27T15:30:00+02:00", "room": 2}, {"code": "MXUQTZ", "title": "Polarized systematic framework", "abstract": "Deliver viral technologies!", "speakers": ["CHJ9BV"], "track": 3, "start": "2022-09-27T14:30:00+02:00", "end": "2022-09-27T15:00:00+02:00", "room": 3}, {"code": "UR9RAR", "title": "Multi-channeled transitional time-frame", "abstract": "Leverage front-end action-items!", "speakers": ["EPR9DV"], "track": 1, "start": "2022-09-27T15:00:00+02:00", "end": "2022-09-27T15:30:00+02:00", "room": 3}, {"code": "HHTRJ8", "title": "Re-engineered systematic project", "abstract": "Incentivize killer technologies!", "speakers": ["MMRYCK"], "track": 4, "start": "2022-09-28T09:00:00+02:00", "end": "2022-09-28T09:30:00+02:00", "room": 3}, {"code": "ABSQW3", "title": "Face-to-face asynchronous hardware", "abstract": "Facilitate cross-platform models!", "speakers": ["YX79US"], "track": 2, "start": "2022-09-28T09:00:00+02:00", "end": "2022-09-28T10:30:00+02:00", "room": 2}, {"code": "TKV7S3", "title": "Polarized non-volatile info-mediaries", "abstract": "Productize cross-platform deliverables!", "speakers": ["QGZKDU"], "track": 3, "start": "2022-09-28T09:30:00+02:00", "end": "2022-09-28T10:00:00+02:00", "room": 3}, {"code": "Z78UBK", "title": "Face-to-face multimedia open architecture", "abstract": "Maximize ubiquitous convergence!", "speakers": ["G9Y9HE"], "track": 1, "start": "2022-09-28T10:00:00+02:00", "end": "2022-09-28T10:30:00+02:00", "room": 3}, {"code": "SPCB7H", "title": "Seamless clear-thinking knowledgebase", "abstract": "Monetize customized architectures!", "speakers": ["LKC7EF"], "track": 2, "start": "2022-09-28T11:30:00+02:00", "end": "2022-09-28T12:00:00+02:00", "room": 3}, {"code": "QTC8EQ", "title": "Extended discrete solution", "abstract": "Integrate impactful networks!", "speakers": ["ULRUMQ"], "track": 2, "start": "2022-09-28T11:30:00+02:00", "end": "2022-09-28T13:00:00+02:00", "room": 2}, {"code": "AJ77V7", "title": "Automated even-keeled groupware", "abstract": "Productize robust paradigms!", "speakers": ["GDYBPH"], "track": 3, "start": "2022-09-28T12:00:00+02:00", "end": "2022-09-28T12:30:00+02:00", "room": 3}, {"code": "Y3VADW", "title": "Optional stable focus group", "abstract": "Streamline clicks-and-mortar content!", "speakers": ["Z3DZPS"], "track": 2, "start": "2022-09-28T12:30:00+02:00", "end": "2022-09-28T13:00:00+02:00", "room": 3}, {"code": "PGBB3J", "title": "Robust background application", "abstract": "Syndicate back-end vortals!", "speakers": ["TA7VYY"], "track": 5, "start": "2022-09-28T14:00:00+02:00", "end": "2022-09-28T14:30:00+02:00", "room": 3}, {"code": "SYMX93", "title": "Reduced intangible flexibility", "abstract": "Drive b2c e-commerce!", "speakers": ["H93CTP"], "track": 1, "start": "2022-09-28T14:00:00+02:00", "end": "2022-09-28T15:30:00+02:00", "room": 2}, {"code": "8LFF3S", "title": "Reactive intangible workforce", "abstract": "Enhance cutting-edge roi!", "speakers": ["KJTC7V", "GDYBPH"], "track": 4, "start": "2022-09-28T14:30:00+02:00", "end": "2022-09-28T15:00:00+02:00", "room": 3}, {"code": "3X9UHC", "title": "Mandatory incremental open architecture", "abstract": "Enhance enterprise portals!", "speakers": ["TA7VYY"], "track": 2, "start": "2022-09-28T15:00:00+02:00", "end": "2022-09-28T15:30:00+02:00", "room": 3}], "version": "v1.8", "timezone": "Europe/Berlin", "tracks": [{"id": 1, "name": "Persistent", "color": "#4bfb30"}, {"id": 2, "name": "Multi-tiered", "color": "#a891fc"}, {"id": 3, "name": "Networked", "color": "#55d04c"}, {"id": 4, "name": "Virtual", "color": "#1e4f0c"}, {"id": 5, "name": "Business-focused", "color": "#d42a52"}], "rooms": [{"id": 3, "name": "White Room"}, {"id": 2, "name": "Slate Gray Room"}], "speakers": [{"code": "9MSKBX", "name": "Matthew Rhodes", "avatar": null}, {"code": "HLJQTE", "name": "James Boone", "avatar": null}, {"code": "TN7MSR", "name": "Megan Moses", "avatar": null}, {"code": "CSZSVP", "name": "Thomas Kelly", "avatar": null}, {"code": "KFPBWD", "name": "Christina Neal", "avatar": null}, {"code": "N7TZPZ", "name": "Christopher Atkins", "avatar": null}, {"code": "TMBU83", "name": "Patricia Miller", "avatar": null}, {"code": "YJZAPZ", "name": "Lindsey Walter", "avatar": null}, {"code": "QUFNEA", "name": "Lonnie Owen", "avatar": null}, {"code": "79WAS7", "name": "Kelly Jimenez", "avatar": null}, {"code": "CMRQGV", "name": "Lance Williams", "avatar": null}, {"code": "BNFVJ3", "name": "Charles Peterson", "avatar": null}, {"code": "9AQZE7", "name": "Brian Klein", "avatar": null}, {"code": "ULRUMQ", "name": "Cassandra Davis", "avatar": null}, {"code": "8USBSE", "name": "Jose Simpson", "avatar": null}, {"code": "UKJDAJ", "name": "Grant Johnson", "avatar": null}, {"code": "MP78ZC", "name": "Mr. Randall Johnson", "avatar": null}, {"code": "VAFUEZ", "name": "Alexandra Hood", "avatar": null}, {"code": "CHJ9BV", "name": "Emily Steele", "avatar": null}, {"code": "7ZNZM3", "name": "Charles Owens", "avatar": null}, {"code": "EPR9DV", "name": "Thomas Hunter", "avatar": null}, {"code": "H93CTP", "name": "Stephanie Brown", "avatar": null}, {"code": "MMRYCK", "name": "Gloria Jones", "avatar": null}, {"code": "QGZKDU", "name": "Ryan Lam", "avatar": null}, {"code": "G9Y9HE", "name": "Erik Thomas", "avatar": null}, {"code": "LKC7EF", "name": "Jesus Schwartz", "avatar": null}, {"code": "KJTC7V", "name": "Phillip Odonnell Jr.", "avatar": null}, {"code": "GDYBPH", "name": "Nathan Heath", "avatar": null}, {"code": "Z3DZPS", "name": "Kevin Hanson", "avatar": null}, {"code": "BJEQP3", "name": "Joseph Bailey", "avatar": null}, {"code": "VBXNUU", "name": "Seth Carpenter", "avatar": null}, {"code": "TA7VYY", "name": "Leslie Murray", "avatar": null}, {"code": "M9XHAP", "name": "Casey Gonzalez", "avatar": null}, {"code": "YX79US", "name": "Shannon Webb", "avatar": null}]}