{"talks": [{"code": "XFUR3C", "title": "Persevering cohesive concept", "abstract": "Reinvent one-to-one info-mediaries!", "speakers": ["YY3RMW"], "track": 4, "start": "2022-09-06T01:50:00+02:00", "end": "2022-09-06T03:20:00+02:00", "room": 2}, {"code": "CAXE7R", "title": "Optional bifurcated attitude", "abstract": "Incentivize b2b info-mediaries!", "speakers": ["ZQ3LRY"], "track": 4, "start": "2022-09-06T02:40:00+02:00", "end": "2022-09-06T03:06:00+02:00", "room": 1}, {"code": "GL7LRL", "title": "Ergonomic object-oriented hub", "abstract": "Architect cross-platform infrastructures!", "speakers": ["VUA8UM"], "track": 2, "start": "2022-09-06T10:00:00+02:00", "end": "2022-09-06T10:50:00+02:00", "room": 1}, {"code": "DKLQ9G", "title": "Synchronized disintermediate support", "abstract": "Morph turn-key content!", "speakers": ["XXBRAB"], "track": 4, "start": "2022-09-06T11:30:00+02:00", "end": "2022-09-06T12:35:00+02:00", "room": 1}, {"code": "P3VPFD", "title": "Visionary mission-critical toolset", "abstract": "Transition vertical networks!", "speakers": ["AGNRWA"], "track": 2, "start": "2022-09-06T11:30:00+02:00", "end": "2022-09-06T13:00:00+02:00", "room": 2}, {"code": "Z3PTKX", "title": "Managed reciprocal moratorium", "abstract": "Re-contextualize 24/365 channels!", "speakers": ["QLJPJ3"], "track": 3, "start": "2022-09-06T12:00:00+02:00", "end": "2022-09-06T12:30:00+02:00", "room": 1}, {"code": "LNNGAM", "title": "Up-sized optimal hardware", "abstract": "Productize compelling deliverables!", "speakers": ["QLJPJ3", "DCTA87"], "track": 4, "start": "2022-09-06T12:30:00+02:00", "end": "2022-09-06T13:00:00+02:00", "room": 1}, {"code": "ULTKVK", "title": "Polarized asymmetric open system", "abstract": "Incentivize transparent functionalities!", "speakers": ["HPRG7L"], "track": 1, "start": "2022-09-06T14:00:00+02:00", "end": "2022-09-06T14:30:00+02:00", "room": 1}, {"code": "Y7TNXH", "title": "Re-contextualized asynchronous success", "abstract": "Leverage b2b applications!", "speakers": ["G3ELZW"], "track": 2, "start": "2022-09-06T14:00:00+02:00", "end": "2022-09-06T15:30:00+02:00", "room": 2}, {"code": "YFGXQV", "title": "Fully-configurable leadingedge workforce", "abstract": "Expedite vertical schemas!", "speakers": ["GKFMVD"], "track": 2, "start": "2022-09-06T14:30:00+02:00", "end": "2022-09-06T15:00:00+02:00", "room": 1}, {"code": "EXREM7", "title": "Enhanced next generation methodology", "abstract": "Evolve granular interfaces!", "speakers": ["DYUXUJ"], "track": 2, "start": "2022-09-06T15:00:00+02:00", "end": "2022-09-06T15:30:00+02:00", "room": 1}, {"code": "ANTHYT", "title": "Reactive intermediate Graphic Interface", "abstract": "Architect dot-com web-readiness!", "speakers": ["H33MP3"], "track": 2, "start": "2022-09-07T09:00:00+02:00", "end": "2022-09-07T09:30:00+02:00", "room": 1}, {"code": "3J9C7D", "title": "Horizontal didactic methodology", "abstract": "Syndicate end-to-end deliverables!", "speakers": ["VLS7BK"], "track": 1, "start": "2022-09-07T09:00:00+02:00", "end": "2022-09-07T10:30:00+02:00", "room": 2}, {"code": "A8Z9Z8", "title": "Organized high-level portal", "abstract": "Whiteboard user-centric platforms!", "speakers": ["W93XMZ"], "track": 3, "start": "2022-09-07T09:30:00+02:00", "end": "2022-09-07T10:00:00+02:00", "room": 1}, {"code": "NEBMUX", "title": "Streamlined real-time database", "abstract": "Engage impactful networks!", "speakers": ["GDAS7A"], "track": 2, "start": "2022-09-07T10:00:00+02:00", "end": "2022-09-07T10:30:00+02:00", "room": 1}, {"code": "EXK7FR", "title": "Stand-alone modular interface", "abstract": "Brand plug-and-play roi!", "speakers": ["DUQWCA"], "track": 4, "start": "2022-09-07T11:30:00+02:00", "end": "2022-09-07T12:00:00+02:00", "room": 1}, {"code": "WNLB3L", "title": "Ameliorated directional toolset", "abstract": "Streamline compelling e-tailers!", "speakers": ["V73KGN"], "track": 2, "start": "2022-09-07T11:30:00+02:00", "end": "2022-09-07T13:00:00+02:00", "room": 2}, {"code": "D7CJ3Q", "title": "Monitored non-volatile matrix", "abstract": "Strategize innovative networks!", "speakers": ["PHPKRY"], "track": 2, "start": "2022-09-07T12:00:00+02:00", "end": "2022-09-07T12:30:00+02:00", "room": 1}, {"code": "AHQQNA", "title": "Up-sized directional synergy", "abstract": "Expedite 24/7 relationships!", "speakers": ["HF7YDL"], "track": 4, "start": "2022-09-07T12:30:00+02:00", "end": "2022-09-07T13:00:00+02:00", "room": 1}, {"code": "KMRBRM", "title": "Future-proofed mission-critical utilization", "abstract": "Integrate wireless initiatives!", "speakers": ["LHJK7X"], "track": 3, "start": "2022-09-07T14:00:00+02:00", "end": "2022-09-07T14:30:00+02:00", "room": 1}, {"code": "7MNTUC", "title": "Secured composite protocol", "abstract": "Grow interactive users!", "speakers": ["UCENYZ"], "track": 1, "start": "2022-09-07T14:00:00+02:00", "end": "2022-09-07T15:30:00+02:00", "room": 2}, {"code": "PA8TER", "title": "Organic optimal hardware", "abstract": "Synergize next-generation models!", "speakers": ["VWWAFX"], "track": 2, "start": "2022-09-07T14:30:00+02:00", "end": "2022-09-07T15:00:00+02:00", "room": 1}, {"code": "GXGWJ8", "title": "Self-enabling 3rdgeneration matrix", "abstract": "Utilize bricks-and-clicks bandwidth!", "speakers": ["UVXSTM"], "track": 2, "start": "2022-09-07T15:00:00+02:00", "end": "2022-09-07T15:30:00+02:00", "room": 1}, {"code": "SDHETA", "title": "Fully-configurable eco-centric customer loyalty", "abstract": "Aggregate compelling metrics!", "speakers": ["3WUPED"], "track": 1, "start": "2022-09-08T09:00:00+02:00", "end": "2022-09-08T09:30:00+02:00", "room": 1}, {"code": "87CHNK", "title": "Adaptive logistical framework", "abstract": "Innovate web-enabled e-services!", "speakers": ["EBMJWK"], "track": 1, "start": "2022-09-08T09:00:00+02:00", "end": "2022-09-08T10:30:00+02:00", "room": 2}, {"code": "WWGQBA", "title": "Inverse maximized budgetary management", "abstract": "Mesh customized eyeballs!", "speakers": ["YY3RMW"], "track": 4, "start": "2022-09-08T09:30:00+02:00", "end": "2022-09-08T10:00:00+02:00", "room": 1}, {"code": "A97FYC", "title": "Automated didactic extranet", "abstract": "Deploy out-of-the-box markets!", "speakers": ["FPPTUQ"], "track": 3, "start": "2022-09-08T10:00:00+02:00", "end": "2022-09-08T10:30:00+02:00", "room": 1}, {"code": "KTP8GR", "title": "Customer-focused global neural-net", "abstract": "Re-intermediate customized e-tailers!", "speakers": ["DTA8H8"], "track": 4, "start": "2022-09-08T11:30:00+02:00", "end": "2022-09-08T12:00:00+02:00", "room": 1}, {"code": "P3G8AH", "title": "Advanced 3rdgeneration Graphic Interface", "abstract": "Embrace best-of-breed solutions!", "speakers": ["P9KCWL"], "track": 2, "start": "2022-09-08T11:30:00+02:00", "end": "2022-09-08T13:00:00+02:00", "room": 2}, {"code": "AZDVFL", "title": "Extended demand-driven synergy", "abstract": "Target customized deliverables!", "speakers": ["8LKRVG"], "track": 1, "start": "2022-09-08T12:00:00+02:00", "end": "2022-09-08T12:30:00+02:00", "room": 1}, {"code": "UG9YZ8", "title": "Multi-channeled modular secured line", "abstract": "Matrix visionary communities!", "speakers": ["DT8XGA"], "track": 4, "start": "2022-09-08T12:30:00+02:00", "end": "2022-09-08T13:00:00+02:00", "room": 1}, {"code": "8GXXJZ", "title": "Balanced demand-driven Graphical User Interface", "abstract": "Implement vertical portals!", "speakers": ["P9KCWL"], "track": 2, "start": "2022-09-08T14:00:00+02:00", "end": "2022-09-08T14:30:00+02:00", "room": 1}, {"code": "PDXGKB", "title": "Self-enabling disintermediate core", "abstract": "Transform bleeding-edge infrastructures!", "speakers": ["3PNPZT"], "track": 2, "start": "2022-09-08T14:00:00+02:00", "end": "2022-09-08T15:30:00+02:00", "room": 2}, {"code": "7RDHES", "title": "Automated incremental installation", "abstract": "Orchestrate user-centric info-mediaries!", "speakers": ["3PNPZT"], "track": 2, "start": "2022-09-08T14:30:00+02:00", "end": "2022-09-08T15:00:00+02:00", "room": 1}, {"code": "TSDZAK", "title": "Fully-configurable multimedia strategy", "abstract": "Incubate scalable interfaces!", "speakers": ["DTA8H8"], "track": 1, "start": "2022-09-08T15:00:00+02:00", "end": "2022-09-08T15:30:00+02:00", "room": 1}, {"code": "HEMUKA", "title": "Enhanced stable model", "abstract": "Seize front-end markets!", "speakers": ["DTA8H8"], "track": 2, "start": "2022-09-24T09:00:00+02:00", "end": "2022-09-24T09:30:00+02:00", "room": 1}], "version": "v1.17", "timezone": "Europe/Berlin", "tracks": [{"id": 1, "name": "Mandatory", "color": "#4a66d3"}, {"id": 2, "name": "Multi-lateral", "color": "#91730e"}, {"id": 3, "name": "Right-sized", "color": "#2a22c9"}, {"id": 4, "name": "Organic", "color": "#15f036"}], "rooms": [{"id": 1, "name": "Pale Golden Rod Room"}, {"id": 2, "name": "Dark Red Room"}], "speakers": [{"code": "YY3RMW", "name": "Susan Martinez", "avatar": null}, {"code": "AGNRWA", "name": "Samuel Williams", "avatar": null}, {"code": "DTA8H8", "name": "Gregory Smith", "avatar": null}, {"code": "3PNPZT", "name": "Haley Holder", "avatar": null}, {"code": "G3ELZW", "name": "Cameron Barnett", "avatar": null}, {"code": "ZQ3LRY", "name": "Martin Baker", "avatar": null}, {"code": "VUA8UM", "name": "Kimberly Smith", "avatar": null}, {"code": "P9KCWL", "name": "Tommy Baker", "avatar": null}, {"code": "XXBRAB", "name": "Amy Perez", "avatar": null}, {"code": "QLJPJ3", "name": "Brandy Mcclain", "avatar": null}, {"code": "DCTA87", "name": "Christine Green", "avatar": null}, {"code": "HPRG7L", "name": "Tina Dawson", "avatar": null}, {"code": "GKFMVD", "name": "Hannah Mccormick", "avatar": null}, {"code": "VLS7BK", "name": "Alicia Vincent", "avatar": null}, {"code": "DYUXUJ", "name": "Anthony Anthony", "avatar": null}, {"code": "DT8XGA", "name": "Erica Banks", "avatar": null}, {"code": "H33MP3", "name": "Robert Williams", "avatar": null}, {"code": "W93XMZ", "name": "Rebecca Dennis", "avatar": null}, {"code": "V73KGN", "name": "Tina Palmer MD", "avatar": null}, {"code": "GDAS7A", "name": "Alison Scott", "avatar": null}, {"code": "DUQWCA", "name": "Travis Gonzalez", "avatar": null}, {"code": "PHPKRY", "name": "Mark Hooper", "avatar": null}, {"code": "FPPTUQ", "name": "Valerie Schneider", "avatar": null}, {"code": "HF7YDL", "name": "Warren Fisher", "avatar": null}, {"code": "3WUPED", "name": "Emily Mckenzie", "avatar": null}, {"code": "UCENYZ", "name": "Jesus Lopez", "avatar": null}, {"code": "8LKRVG", "name": "Tiffany Rodriguez", "avatar": null}, {"code": "LHJK7X", "name": "Dennis Jones", "avatar": null}, {"code": "VWWAFX", "name": "Pamela Bentley", "avatar": null}, {"code": "UVXSTM", "name": "Karen Clayton", "avatar": null}, {"code": "EBMJWK", "name": "Stephen Howard", "avatar": null}]}