{"schedule": {"version": "v1.14", "base_url": "https://cfp.wearemillions.online/democon/schedule/", "conference": {"acronym": "democon", "title": "DemoCon", "start": "2022-09-26", "end": "2022-09-28", "daysCount": 3, "timeslot_duration": "00:05", "rooms": [{"name": "White Room", "guid": null, "description": null, "capacity": null}, {"name": "Slate Gray Room", "guid": null, "description": null, "capacity": null}], "days": [{"index": 1, "date": "2022-09-26", "day_start": "2022-09-26T04:00:00+02:00", "day_end": "2022-09-27T03:59:00+02:00", "rooms": {"White Room": [{"id": 1, "guid": "cdca4946-d7a8-54c5-af8a-03e7e7f45273", "logo": "", "date": "2022-09-26T09:00:00+02:00", "start": "09:00", "duration": "00:30", "room": "White Room", "slug": "democon-1-enterprise-wide-transitional-focus-group", "url": "https://cfp.wearemillions.online/democon/talk/KEPZGG/", "title": "Enterprise-wide transitional focus group", "subtitle": "", "track": "Networked", "type": "Talk", "language": "en", "abstract": "Architect proactive communities!", "description": "Require size leave various. Boy result laugh remember analysis machine vote. List happy authority month measure. Resource anything ever decision arrive he recognize.", "recording_license": "", "do_not_record": false, "persons": [{"id": 2, "code": "9MSKBX", "public_name": "Matthew Rhodes", "biography": "Air sit series win.\nHuman process soon significant. Continue draw account.\nNone wait floor.\n\nWriter page success involve thought middle. Such week together space.\nMouth recent sound worker laugh and. Produce necessary concern throughout scene chance how service.", "answers": []}], "links": [], "attachments": [], "answers": []}, {"id": 4, "guid": "bb980139-2e3c-52b2-96e2-722f56d27179", "logo": "", "date": "2022-09-26T09:30:00+02:00", "start": "09:30", "duration": "00:30", "room": "White Room", "slug": "democon-4-advanced-intermediate-frame", "url": "https://cfp.wearemillions.online/democon/talk/KVV9SM/", "title": "Advanced intermediate frame", "subtitle": "", "track": "Virtual", "type": "Talk", "language": "en", "abstract": "Innovate interactive mindshare!", "description": "Would former town past. Place agency prove for call window. Surface subject worker dog agree fear.\nProduction list young treat understand. Baby short rise nothing few fire. Record artist yard.", "recording_license": "", "do_not_record": false, "persons": [{"id": 5, "code": "HLJQTE", "public_name": "James Boone", "biography": "About character national language along chance last.\nEnter conference stand evidence. Necessary we increase according about reason.\n\nHair night evening stop.\nWait almost her set action bank. Happen western them eye father choose poor. Today camera instead use data test record.", "answers": []}, {"id": 28, "code": "VAFUEZ", "public_name": "Alexandra Hood", "biography": "Right forget test of interesting imagine. Space project anything of.\nHerself left us trade least scene especially. Put maintain hard a page campaign bar.\n\nCar performance son big. And treatment general beyond.", "answers": []}], "links": [], "attachments": [], "answers": []}, {"id": 5, "guid": "e11ce7a4-ec80-54b5-acec-f085cdd600b7", "logo": "", "date": "2022-09-26T10:00:00+02:00", "start": "10:00", "duration": "00:30", "room": "White Room", "slug": "democon-5-polarized-national-hardware", "url": "https://cfp.wearemillions.online/democon/talk/MFJWTK/", "title": "Polarized national hardware", "subtitle": "", "track": "Business-focused", "type": "Talk", "language": "en", "abstract": "Cultivate strategic web services!", "description": "Through million write shake want enter man. Now require relate structure.\nSuggest relate executive body worker office. Choice eye hear form. Chance fear team cost close season.", "recording_license": "", "do_not_record": true, "persons": [{"id": 6, "code": "TN7MSR", "public_name": "Megan Moses", "biography": "Modern level especially side his season across. North fact foreign help increase miss. Language bit wish five environment cell. Opportunity lot year wonder identify national stop.\n\nIdea seat night expert role. Project for relate charge it foot it suffer. Born voice young risk beautiful dog use point.", "answers": []}], "links": [], "attachments": [], "answers": []}, {"id": 8, "guid": "31c2a647-ec85-5c00-a9c7-89d852cd43f2", "logo": "", "date": "2022-09-26T11:30:00+02:00", "start": "11:30", "duration": "00:30", "room": "White Room", "slug": "democon-8-customizable-logistical-capacity", "url": "https://cfp.wearemillions.online/democon/talk/RJ3UC9/", "title": "Customizable logistical capacity", "subtitle": "", "track": "Business-focused", "type": "Talk", "language": "en", "abstract": "Transition revolutionary web services!", "description": "Center glass put eight several our later walk. Level executive sometimes admit. Training every shoulder my arm explain produce husband.", "recording_license": "", "do_not_record": false, "persons": [{"id": 9, "code": "CSZSVP", "public_name": "Thomas Kelly", "biography": "Environmental black six identify head plan. Peace recently benefit opportunity debate product street. Population next case coach speak people until.\n\nBoth yard push kind prevent dinner power. Station every well partner.", "answers": []}], "links": [], "attachments": [], "answers": []}, {"id": 9, "guid": "e5610065-bfe8-5d3c-bb1b-36e22ac27b68", "logo": "", "date": "2022-09-26T12:00:00+02:00", "start": "12:00", "duration": "00:30", "room": "White Room", "slug": "democon-9-extended-upward-trending-data-warehouse", "url": "https://cfp.wearemillions.online/democon/talk/FT8CCE/", "title": "Extended upward-trending data-warehouse", "subtitle": "", "track": "Persistent", "type": "Talk", "language": "en", "abstract": "E-enable clicks-and-mortar bandwidth!", "description": "Technology civil sense drive many think window half. Financial few usually build recently act. Maybe occur part history seek go tree.", "recording_license": "", "do_not_record": false, "persons": [{"id": 10, "code": "KFPBWD", "public_name": "Christina Neal", "biography": "Within still idea claim team particularly store. Each risk bill sell husband draw book. Single picture begin social whether.\n\nBase quite able. Every citizen sister. Blood voice history society car phone.", "answers": []}], "links": [], "attachments": [], "answers": []}, {"id": 10, "guid": "c1c4dc16-cc41-527f-be48-a958fce65bab", "logo": "", "date": "2022-09-26T12:30:00+02:00", "start": "12:30", "duration": "00:30", "room": "White Room", "slug": "democon-10-devolved-hybrid-artificial-intelligence", "url": "https://cfp.wearemillions.online/democon/talk/UKNPKR/", "title": "Devolved hybrid artificial intelligence", "subtitle": "", "track": "Multi-tiered", "type": "Talk", "language": "en", "abstract": "Aggregate front-end portals!", "description": "Scene stop value response. Room protect finish base. Rest our say open become positive very usually. Skill police visit section amount production.", "recording_license": "", "do_not_record": false, "persons": [{"id": 11, "code": "N7TZPZ", "public_name": "Christopher Atkins", "biography": "Particularly century poor particular front. Scientist police law democratic present generation.\nKnowledge fast bring view kitchen impact not. Green fear evening age. Us then such occur window.\n\nDrop control approach decision early certain often away. Early type television professor although.\nInstead tax team deal sing office left decide. Degree animal dog travel. Only question work.", "answers": []}], "links": [], "attachments": [], "answers": []}, {"id": 11, "guid": "4821bedc-dad4-5421-9b25-634b2a67e4f0", "logo": "", "date": "2022-09-26T14:00:00+02:00", "start": "14:00", "duration": "00:30", "room": "White Room", "slug": "democon-11-future-proofed-non-volatile-hierarchy", "url": "https://cfp.wearemillions.online/democon/talk/BAZHFR/", "title": "Future-proofed non-volatile hierarchy", "subtitle": "", "track": "Multi-tiered", "type": "Talk", "language": "en", "abstract": "Architect plug-and-play e-markets!", "description": "Force mouth themselves wait. Word be since offer activity contain month. Range drive usually machine weight serious our.\nVote catch so American open present image throughout.", "recording_license": "", "do_not_record": false, "persons": [{"id": 12, "code": "TMBU83", "public_name": "Patricia Miller", "biography": "Today tend source simple possible.\nSmall government probably national fund their seek and. Turn glass a Mrs improve sometimes bad.\nPersonal argue rock pick total. Laugh charge kind somebody cultural.\n\nTend establish rise nature career receive Mrs. Newspaper get concern wall great institution.", "answers": []}], "links": [], "attachments": [], "answers": []}, {"id": 13, "guid": "77bc6fe1-98fc-5109-b9fc-f522bdd7be34", "logo": "", "date": "2022-09-26T14:30:00+02:00", "start": "14:30", "duration": "00:30", "room": "White Room", "slug": "democon-13-user-centric-content-based-standardization", "url": "https://cfp.wearemillions.online/democon/talk/C3ZFHA/", "title": "User-centric content-based standardization", "subtitle": "", "track": "Business-focused", "type": "Talk", "language": "en", "abstract": "Reinvent intuitive convergence!", "description": "Account bad toward phone. Time amount event company. Respond expect staff with crime forward. Less ever thousand pay government despite head.", "recording_license": "", "do_not_record": false, "persons": [{"id": 14, "code": "YJZAPZ", "public_name": "Lindsey Walter", "biography": "Over anything manage country enough by. Hour under throw.\nName plant candidate food Mrs central idea. Use there according quite bag. Social research ability respond war.\n\nMovie state experience Congress apply. Particular executive each drop also everyone. Yourself crime market power bill star.", "answers": []}, {"id": 50, "code": "BJEQP3", "public_name": "Joseph Bailey", "biography": "Program stay relationship. Huge past send second away develop quickly. Attack nothing she design walk policy professor.\nKnowledge mind price decision.\n\nSource large institution around police reduce. Avoid market dinner need enough affect international see.\nRepresent goal art job behind method dinner learn. Imagine including charge send develop.", "answers": []}], "links": [], "attachments": [], "answers": []}, {"id": 15, "guid": "263394f6-c92d-592a-b6a2-de2660fd762b", "logo": "", "date": "2022-09-26T15:00:00+02:00", "start": "15:00", "duration": "00:30", "room": "White Room", "slug": "democon-15-decentralized-regional-extranet", "url": "https://cfp.wearemillions.online/democon/talk/URBH7V/", "title": "Decentralized regional extranet", "subtitle": "", "track": "Virtual", "type": "Talk", "language": "en", "abstract": "Innovate holistic mindshare!", "description": "Bar imagine town herself maintain although strong. Century happen religious technology. Almost local seat less heavy.\nTell student science. Difficult inside very consider thousand performance wonder.", "recording_license": "", "do_not_record": false, "persons": [{"id": 16, "code": "79WAS7", "public_name": "Kelly Jimenez", "biography": "Culture eat our receive point. Position watch sister left son.\nBuy cause face consider. Describe treatment maintain allow six employee phone.\n\nJob stay ball leader fire. Image already lose pick ok expert.\nDifference goal cup occur important admit option. Late man deal he president. Environmental point series notice.", "answers": []}], "links": [], "attachments": [], "answers": []}], "Slate Gray Room": [{"id": 14, "guid": "833fce09-dcad-58ff-8429-b27e35fa7743", "logo": "", "date": "2022-09-26T09:00:00+02:00", "start": "09:00", "duration": "01:30", "room": "Slate Gray Room", "slug": "democon-14-progressive-heuristic-project", "url": "https://cfp.wearemillions.online/democon/talk/7GFUFN/", "title": "Progressive heuristic project", "subtitle": "", "track": "Networked", "type": "Workshop", "language": "en", "abstract": "Drive rich networks!", "description": "Health use level meet technology. Situation behind away fly property good.\nContain ground simply. Wear improve whom. Year son bank compare heart.", "recording_license": "", "do_not_record": false, "persons": [{"id": 15, "code": "QUFNEA", "public_name": "Lonnie Owen", "biography": "Will end produce hear surface east.\nHim suggest enough look yes relate hot knowledge. Hand figure road. Kitchen probably western list.\n\nStreet so left debate owner state country. Quickly us design message doctor others.\nGuess tough let next special. Back final service nation.", "answers": []}], "links": [], "attachments": [], "answers": []}, {"id": 18, "guid": "acf6248d-9792-5bb6-af4c-76c575c9124d", "logo": "", "date": "2022-09-26T11:30:00+02:00", "start": "11:30", "duration": "01:30", "room": "Slate Gray Room", "slug": "democon-18-advanced-mission-critical-internet-solution", "url": "https://cfp.wearemillions.online/democon/talk/WTQH8E/", "title": "Advanced mission-critical Internet solution", "subtitle": "", "track": "Virtual", "type": "Workshop", "language": "en", "abstract": "Monetize turn-key applications!", "description": "Identify general those thank arrive. Trouble sound hair dog compare analysis.\nExplain list teach face collection road whether. Should else cut nearly admit moment heavy.", "recording_license": "", "do_not_record": false, "persons": [{"id": 19, "code": "9AQZE7", "public_name": "Brian Klein", "biography": "Radio show though notice management will nice. Kind another per record. Seat difference manage hold decision dog nearly age.\nSchool court expect human way hair.\n\nIts do argue drive research film. Toward arrive enjoy when course.\nRange state something financial run small class debate. Language same scene speech child school.\nArgue family organization defense.", "answers": []}], "links": [], "attachments": [], "answers": []}, {"id": 31, "guid": "26133cf1-3b52-5b36-9d21-4ea9491b19c4", "logo": "", "date": "2022-09-26T14:00:00+02:00", "start": "14:00", "duration": "01:30", "room": "Slate Gray Room", "slug": "democon-31-re-engineered-systematic-application", "url": "https://cfp.wearemillions.online/democon/talk/LC7EVM/", "title": "Re-engineered systematic application", "subtitle": "", "track": "Business-focused", "type": "Workshop", "language": "en", "abstract": "Engage dot-com eyeballs!", "description": "Black grow many region. Statement message evidence far parent concern lead. Particular throughout drive term national.", "recording_license": "", "do_not_record": true, "persons": [{"id": 32, "code": "7ZNZM3", "public_name": "Charles Owens", "biography": "Happen poor around chair parent suffer tough.\nDifference so interest base. Energy less three really per give position.\n\nEat marriage hand parent customer increase international. Safe member approach. Choice right center kind she figure. Especially situation network sell.", "answers": []}], "links": [], "attachments": [], "answers": []}]}}, {"index": 2, "date": "2022-09-27", "day_start": "2022-09-27T04:00:00+02:00", "day_end": "2022-09-28T03:59:00+02:00", "rooms": {"White Room": [{"id": 16, "guid": "30383d6b-45b5-5572-8d2b-2985380be3f9", "logo": "", "date": "2022-09-27T09:00:00+02:00", "start": "09:00", "duration": "00:30", "room": "White Room", "slug": "democon-16-face-to-face-responsive-success", "url": "https://cfp.wearemillions.online/democon/talk/ULCXRU/", "title": "Face-to-face responsive success", "subtitle": "", "track": "Persistent", "type": "Talk", "language": "en", "abstract": "Evolve cross-platform vortals!", "description": "Expect determine know stand. Memory cell little management stay sure.\nCommon cell professor culture. Pattern per life attorney also someone already. Dream process century item skin her manager.", "recording_license": "", "do_not_record": false, "persons": [{"id": 17, "code": "CMRQGV", "public_name": "Lance Williams", "biography": "Reduce other benefit quickly purpose over agreement. Use tough huge sing perform write.\nTend news professor myself beat.\n\nHuge live after budget yeah. Republican compare second trouble him. Those color image of.\nKind young truth memory peace mention. Traditional create score game from your.", "answers": []}], "links": [], "attachments": [], "answers": []}, {"id": 17, "guid": "c5f3e0d3-9d88-5e46-812e-8894ee72ae9d", "logo": "", "date": "2022-09-27T09:30:00+02:00", "start": "09:30", "duration": "00:30", "room": "White Room", "slug": "democon-17-organized-human-resource-knowledgebase", "url": "https://cfp.wearemillions.online/democon/talk/Y9GTAF/", "title": "Organized human-resource knowledgebase", "subtitle": "", "track": "Virtual", "type": "Talk", "language": "en", "abstract": "Empower plug-and-play markets!", "description": "See recently life claim hope. Simple difference none method trouble simply process. World turn learn building.\nOrder night hold cover into glass keep. Senior break force listen color down.", "recording_license": "", "do_not_record": true, "persons": [{"id": 18, "code": "BNFVJ3", "public_name": "Charles Peterson", "biography": "Little sell space task improve. Recently deep gun former experience.\nInternational trial marriage answer. Page work system money term explain.\n\nMaterial much by cost training sound discussion his. Pattern tell water grow music also fund. Participant little peace speak plant through attention forward. Determine where skill future.", "answers": []}], "links": [], "attachments": [], "answers": []}, {"id": 20, "guid": "4e5dfe6c-445d-54ea-99dd-01f6695bba76", "logo": "", "date": "2022-09-27T10:00:00+02:00", "start": "10:00", "duration": "00:30", "room": "White Room", "slug": "democon-20-user-friendly-homogeneous-protocol", "url": "https://cfp.wearemillions.online/democon/talk/NJBUNV/", "title": "User-friendly homogeneous protocol", "subtitle": "", "track": "Persistent", "type": "Talk", "language": "en", "abstract": "Optimize visionary markets!", "description": "Discuss all real several newspaper prepare somebody do. Though edge suffer pay.\nWeight stop spend space move back. Participant as compare.", "recording_license": "", "do_not_record": false, "persons": [{"id": 21, "code": "ULRUMQ", "public_name": "Cassandra Davis", "biography": "Several foreign appear society debate ready main.\nEye party newspaper total television. Issue must matter interesting word world we. Own outside miss film.\nHer partner leader again worry alone.\n\nArgue although floor. And four apply movie pretty each.\nFeeling ball price check. Which bank ready around plant civil number argue.", "answers": []}, {"id": 38, "code": "G9Y9HE", "public_name": "Erik Thomas", "biography": "Sure try population day indeed easy. Per whatever administration start report option understand often. Hear property century.\n\nSeek hot happen. Notice skin brother man current. Law fire recognize.\nDeal development message mean ever. Total sell within per. Truth remember long.", "answers": []}], "links": [], "attachments": [], "answers": []}, {"id": 21, "guid": "fc0d86f8-89d6-517d-8029-cce205a25483", "logo": "", "date": "2022-09-27T11:30:00+02:00", "start": "11:30", "duration": "00:30", "room": "White Room", "slug": "democon-21-fully-configurable-context-sensitive-standardization", "url": "https://cfp.wearemillions.online/democon/talk/SETJGY/", "title": "Fully-configurable context-sensitive standardization", "subtitle": "", "track": "Networked", "type": "Talk", "language": "en", "abstract": "Envisioneer end-to-end niches!", "description": "Entire sea find ok down. Writer sell approach red increase series prove include.\nVisit add together learn thing. Miss house situation TV child local.", "recording_license": "", "do_not_record": false, "persons": [{"id": 22, "code": "8USBSE", "public_name": "Jose Simpson", "biography": "Need international star cup whatever score will second. Wear officer will home. Region too manager practice red.\nStart remain although provide white even range. Left push their health term science.\n\nEast talk another American off common religious establish. Available environmental fine senior put huge. Tv fly than hotel during usually popular.", "answers": []}], "links": [], "attachments": [], "answers": []}, {"id": 23, "guid": "058644cb-59b6-5aee-90e7-efb5d202f9da", "logo": "", "date": "2022-09-27T12:00:00+02:00", "start": "12:00", "duration": "00:30", "room": "White Room", "slug": "democon-23-ergonomic-tangible-info-mediaries", "url": "https://cfp.wearemillions.online/democon/talk/KWWYFH/", "title": "Ergonomic tangible info-mediaries", "subtitle": "", "track": "Networked", "type": "Talk", "language": "en", "abstract": "Facilitate efficient info-mediaries!", "description": "Month southern control onto structure. Beyond discussion approach mind area.\nJoin realize a system too exactly military capital. Under deep somebody day each.", "recording_license": "", "do_not_record": true, "persons": [{"id": 24, "code": "UKJDAJ", "public_name": "Grant Johnson", "biography": "Defense white education again Mrs clear reason everyone.\nApply debate large national enjoy most help.\n\nSurface relationship defense hard no. Along word thought common production vote many expert.\nHave animal rather present provide people inside. Adult magazine eat voice new current.", "answers": []}], "links": [], "attachments": [], "answers": []}, {"id": 26, "guid": "b120eeba-5ed6-5e3a-b675-79a180029b8e", "logo": "", "date": "2022-09-27T12:30:00+02:00", "start": "12:30", "duration": "00:30", "room": "White Room", "slug": "democon-26-customer-focused-context-sensitive-artificial-intelligence", "url": "https://cfp.wearemillions.online/democon/talk/QZZC9Y/", "title": "Customer-focused context-sensitive artificial intelligence", "subtitle": "", "track": "Networked", "type": "Talk", "language": "en", "abstract": "Strategize efficient systems!", "description": "Particularly half think college measure rest success.\nAudience step lay outside thought while fly whom. Gun contain not think ball side.", "recording_license": "", "do_not_record": false, "persons": [{"id": 27, "code": "MP78ZC", "public_name": "Mr. Randall Johnson", "biography": "Yeah economy here man would bad still.\nInternational entire reduce. Drug exist either food.\n\nEconomic quickly production add. Letter break important recognize professor tax.\nMeet somebody color his land be. Detail exist at election sing return. By full mission vote his another.", "answers": []}], "links": [], "attachments": [], "answers": []}, {"id": 27, "guid": "56edee5f-cda6-5bc1-9323-7caa132696be", "logo": "", "date": "2022-09-27T14:00:00+02:00", "start": "14:00", "duration": "00:30", "room": "White Room", "slug": "democon-27-profit-focused-multimedia-system-engine", "url": "https://cfp.wearemillions.online/democon/talk/F9XF3T/", "title": "Profit-focused multimedia system engine", "subtitle": "", "track": "Multi-tiered", "type": "Talk", "language": "en", "abstract": "Optimize front-end infrastructures!", "description": "Pay wide meeting bad must. Fund inside type plant need service environment.\nSimply certainly practice may soon under. Play book decide close war billion answer.", "recording_license": "", "do_not_record": true, "persons": [{"id": 28, "code": "VAFUEZ", "public_name": "Alexandra Hood", "biography": "Right forget test of interesting imagine. Space project anything of.\nHerself left us trade least scene especially. Put maintain hard a page campaign bar.\n\nCar performance son big. And treatment general beyond.", "answers": []}], "links": [], "attachments": [], "answers": []}, {"id": 28, "guid": "2b56adf8-21f6-57e7-a498-92485d11a1db", "logo": "", "date": "2022-09-27T14:30:00+02:00", "start": "14:30", "duration": "00:30", "room": "White Room", "slug": "democon-28-polarized-systematic-framework", "url": "https://cfp.wearemillions.online/democon/talk/MXUQTZ/", "title": "Polarized systematic framework", "subtitle": "", "track": "Networked", "type": "Talk", "language": "en", "abstract": "Deliver viral technologies!", "description": "Table organization size receive recent. Number next care order personal. Community Congress picture arm reduce.", "recording_license": "", "do_not_record": false, "persons": [{"id": 29, "code": "CHJ9BV", "public_name": "Emily Steele", "biography": "Senior bad yeah along professor card put. Southern seven bank left court spring thing.\nChallenge view those some ready blue. Major computer benefit already plant on age.\nCell care front nation.\n\nDoor either weight near book quickly value. Fall response unit would. Race deal short own him.\nSerious six claim serve gun act. Dark guess consider first. Among free road national.", "answers": []}], "links": [], "attachments": [], "answers": []}, {"id": 32, "guid": "57ecab2e-2087-52ca-9cf6-8d6415dc7573", "logo": "", "date": "2022-09-27T15:00:00+02:00", "start": "15:00", "duration": "00:30", "room": "White Room", "slug": "democon-32-multi-channeled-transitional-time-frame", "url": "https://cfp.wearemillions.online/democon/talk/UR9RAR/", "title": "Multi-channeled transitional time-frame", "subtitle": "", "track": "Persistent", "type": "Talk", "language": "en", "abstract": "Leverage front-end action-items!", "description": "Computer kitchen baby want hotel wind why. Begin so seek front process project act process. Member director outside late music either lay training. Real in along state.", "recording_license": "", "do_not_record": false, "persons": [{"id": 33, "code": "EPR9DV", "public_name": "Thomas Hunter", "biography": "No reduce mean resource success authority million out. Team eat animal material special heavy car.\nRaise last situation third. Yourself approach often manager community.\n\nNone market name voice. Around wife likely major. Indicate rise once wall part cause market respond.\nMoney city doctor career happy big. Phone throughout real but south. Them upon brother kind bring.", "answers": []}], "links": [], "attachments": [], "answers": []}], "Slate Gray Room": [{"id": 33, "guid": "3c61994f-153d-509a-a36e-4eba3eb9ba28", "logo": "", "date": "2022-09-27T09:00:00+02:00", "start": "09:00", "duration": "01:30", "room": "Slate Gray Room", "slug": "democon-33-enterprise-wide-actuating-benchmark", "url": "https://cfp.wearemillions.online/democon/talk/METENP/", "title": "Enterprise-wide actuating benchmark", "subtitle": "", "track": "Business-focused", "type": "Workshop", "language": "en", "abstract": "Engineer back-end schemas!", "description": "Line tend marriage meeting. Tough team we certainly street front drop. Politics suffer pretty choose always standard.\nBeyond per personal why. Yard campaign among car center apply.", "recording_license": "", "do_not_record": false, "persons": [{"id": 34, "code": "H93CTP", "public_name": "Stephanie Brown", "biography": "Film two none piece middle. Professor of dinner never receive three no.\n\nLeader every similar citizen about. House lot evidence product trade scene. Charge star now might prove.", "answers": []}], "links": [], "attachments": [], "answers": []}, {"id": 50, "guid": "07e370ff-539a-5ad2-9547-4466039c9c68", "logo": "", "date": "2022-09-27T11:30:00+02:00", "start": "11:30", "duration": "01:30", "room": "Slate Gray Room", "slug": "democon-50-upgradable-bottom-line-artificial-intelligence", "url": "https://cfp.wearemillions.online/democon/talk/EPRUXS/", "title": "Upgradable bottom-line artificial intelligence", "subtitle": "", "track": "Multi-tiered", "type": "Workshop", "language": "en", "abstract": "Orchestrate cross-media action-items!", "description": "Difference evidence develop manage look. Western across get pull strategy leg but.", "recording_license": "", "do_not_record": true, "persons": [{"id": 51, "code": "VBXNUU", "public_name": "Seth Carpenter", "biography": "Identify moment grow. It room score there. Cause thank quickly interview.\nCamera easy social study. Senior deal room wall fire key.\n\nGrow especially serve without public television. Treatment yes whole future. Some clear concern support economic right.", "answers": []}], "links": [], "attachments": [], "answers": []}, {"id": 53, "guid": "1ef959a4-f673-53e8-958f-23bf47eac20a", "logo": "", "date": "2022-09-27T14:00:00+02:00", "start": "14:00", "duration": "01:30", "room": "Slate Gray Room", "slug": "democon-53-secured-local-framework", "url": "https://cfp.wearemillions.online/democon/talk/RADKTS/", "title": "Secured local framework", "subtitle": "", "track": "Virtual", "type": "Workshop", "language": "en", "abstract": "Exploit dynamic relationships!", "description": "Someone writer worker someone. Attack cultural clearly total like there wide.\nRelate from as white foreign. Tonight stay field give least finally write.\nDrop agree not body loss.", "recording_license": "", "do_not_record": false, "persons": [{"id": 54, "code": "M9XHAP", "public_name": "Casey Gonzalez", "biography": "Though also personal beyond unit before arm.\nFrom subject radio social character very. Mission drive voice resource source say themselves.\n\nMagazine understand much claim. Way director term interview poor describe decide. Class successful others see religious movie economy.\nAlong good eye. Land data claim remember leader close.", "answers": []}], "links": [], "attachments": [], "answers": []}]}}, {"index": 3, "date": "2022-09-28", "day_start": "2022-09-28T04:00:00+02:00", "day_end": "2022-09-29T03:59:00+02:00", "rooms": {"White Room": [{"id": 34, "guid": "3e728ec4-82bc-5bb3-8bd4-8d21cd03373c", "logo": "", "date": "2022-09-28T09:00:00+02:00", "start": "09:00", "duration": "00:30", "room": "White Room", "slug": "democon-34-re-engineered-systematic-project", "url": "https://cfp.wearemillions.online/democon/talk/HHTRJ8/", "title": "Re-engineered systematic project", "subtitle": "", "track": "Virtual", "type": "Talk", "language": "en", "abstract": "Incentivize killer technologies!", "description": "Phone but into account analysis young thought. Guy people growth manager able defense your. Along live more return pressure same. Soldier suffer whatever base major.", "recording_license": "", "do_not_record": false, "persons": [{"id": 35, "code": "MMRYCK", "public_name": "Gloria Jones", "biography": "Step one over organization capital base within relationship. History simply serve site team try suggest.\nAfter vote training door near however open. Ever role relate with rather number.\n\nBit standard impact fact do. Spring class ground in deal result significant. Draw information be mother might.", "answers": []}], "links": [], "attachments": [], "answers": []}, {"id": 35, "guid": "eaa00302-d180-53ef-83e0-b09216d7cdcc", "logo": "", "date": "2022-09-28T09:30:00+02:00", "start": "09:30", "duration": "00:30", "room": "White Room", "slug": "democon-35-polarized-non-volatile-info-mediaries", "url": "https://cfp.wearemillions.online/democon/talk/TKV7S3/", "title": "Polarized non-volatile info-mediaries", "subtitle": "", "track": "Networked", "type": "Talk", "language": "en", "abstract": "Productize cross-platform deliverables!", "description": "Place drug mouth teacher former likely. Tough check check go also move admit yard. Without happy too deal campaign. Bar study she control such street.", "recording_license": "", "do_not_record": false, "persons": [{"id": 36, "code": "QGZKDU", "public_name": "Ryan Lam", "biography": "Mouth light decade trip where thought deep. Avoid trouble thank bar recent star.\nMention anyone tough successful officer raise. Turn in magazine. Describe least compare whole natural.\n\nFinal everybody when southern after game especially involve. Recognize traditional data off simply computer style.\nWalk together form chance. Country drop like close.", "answers": []}], "links": [], "attachments": [], "answers": []}, {"id": 37, "guid": "df213831-bd1b-572d-8d8f-55fd961f4bd0", "logo": "", "date": "2022-09-28T10:00:00+02:00", "start": "10:00", "duration": "00:30", "room": "White Room", "slug": "democon-37-face-to-face-multimedia-open-architecture", "url": "https://cfp.wearemillions.online/democon/talk/Z78UBK/", "title": "Face-to-face multimedia open architecture", "subtitle": "", "track": "Persistent", "type": "Talk", "language": "en", "abstract": "Maximize ubiquitous convergence!", "description": "Either fine ok. Smile last including style walk ten. Voice read some business.\nContain plant song marriage any not side. Remain family young bring.", "recording_license": "", "do_not_record": false, "persons": [{"id": 38, "code": "G9Y9HE", "public_name": "Erik Thomas", "biography": "Sure try population day indeed easy. Per whatever administration start report option understand often. Hear property century.\n\nSeek hot happen. Notice skin brother man current. Law fire recognize.\nDeal development message mean ever. Total sell within per. Truth remember long.", "answers": []}], "links": [], "attachments": [], "answers": []}, {"id": 40, "guid": "dd2a6abe-fd9d-5597-8e9d-39320958246a", "logo": "", "date": "2022-09-28T11:30:00+02:00", "start": "11:30", "duration": "00:30", "room": "White Room", "slug": "democon-40-seamless-clear-thinking-knowledgebase", "url": "https://cfp.wearemillions.online/democon/talk/SPCB7H/", "title": "Seamless clear-thinking knowledgebase", "subtitle": "", "track": "Multi-tiered", "type": "Talk", "language": "en", "abstract": "Monetize customized architectures!", "description": "Similar address cultural between sense citizen. Third about southern public society ever. Thus think stand have pattern. Down option culture wish.", "recording_license": "", "do_not_record": false, "persons": [{"id": 41, "code": "LKC7EF", "public_name": "Jesus Schwartz", "biography": "Yourself green play consider right. Seven religious choose number act.\nSpeech reveal blue oil. Girl summer do important level.\nNecessary wall training tell. Reveal pattern about industry.\n\nChair woman trial. Toward adult try task cause.\nSummer world bit season. Poor yard technology teach against.", "answers": []}], "links": [], "attachments": [], "answers": []}, {"id": 45, "guid": "55ea0acc-3652-53e3-b041-8597e1f05e6e", "logo": "", "date": "2022-09-28T12:00:00+02:00", "start": "12:00", "duration": "00:30", "room": "White Room", "slug": "democon-45-automated-even-keeled-groupware", "url": "https://cfp.wearemillions.online/democon/talk/AJ77V7/", "title": "Automated even-keeled groupware", "subtitle": "", "track": "Networked", "type": "Talk", "language": "en", "abstract": "Productize robust paradigms!", "description": "Conference well authority design. Shoulder by him position or standard.\nRather in page owner deal. Quite owner manage growth leader activity each. Analysis toward ask strategy according stand.", "recording_license": "", "do_not_record": false, "persons": [{"id": 46, "code": "GDYBPH", "public_name": "Nathan Heath", "biography": "About quality financial they who. Drug of evidence if base line artist.\nEnough special member save. Increase onto wind this similar. Answer material city.\n\nWind out voice young.\nSuffer happen sing truth court nothing land without. Range already quickly pay.", "answers": []}], "links": [], "attachments": [], "answers": []}, {"id": 46, "guid": "b29d537f-aaa5-5041-be8c-64253aa880fa", "logo": "", "date": "2022-09-28T12:30:00+02:00", "start": "12:30", "duration": "00:30", "room": "White Room", "slug": "democon-46-optional-stable-focus-group", "url": "https://cfp.wearemillions.online/democon/talk/Y3VADW/", "title": "Optional stable focus group", "subtitle": "", "track": "Multi-tiered", "type": "Talk", "language": "en", "abstract": "Streamline clicks-and-mortar content!", "description": "Enjoy drive poor reduce as season too.\nMother interesting language foot during eight alone. Develop six fact change after radio. Remain stock economy several agency guy.", "recording_license": "", "do_not_record": false, "persons": [{"id": 47, "code": "Z3DZPS", "public_name": "Kevin Hanson", "biography": "Between eight season quickly move good. Black sit safe know. Care fine maintain develop.\n\nWeight out right wait prevent half seek. Others way accept heavy available.", "answers": []}], "links": [], "attachments": [], "answers": []}, {"id": 51, "guid": "54eb0f4d-784d-5cfb-9fa7-ea7fc21d5f50", "logo": "", "date": "2022-09-28T14:00:00+02:00", "start": "14:00", "duration": "00:30", "room": "White Room", "slug": "democon-51-robust-background-application", "url": "https://cfp.wearemillions.online/democon/talk/PGBB3J/", "title": "Robust background application", "subtitle": "", "track": "Business-focused", "type": "Talk", "language": "en", "abstract": "Syndicate back-end vortals!", "description": "Teacher a value test house agreement thus. Continue his within people growth activity improve.\nFall bank sister purpose finish top here respond. Know author number public worker plant.", "recording_license": "", "do_not_record": false, "persons": [{"id": 52, "code": "TA7VYY", "public_name": "Leslie Murray", "biography": "Sure space relationship soon because. Statement letter sport he machine Mrs. Well early health firm firm along.\nExperience later data thousand. Agent offer always peace politics to reach.\n\nAttention successful door but. Their strong stand talk whole peace. Pass your foreign room contain necessary month against.", "answers": []}], "links": [], "attachments": [], "answers": []}, {"id": 57, "guid": "21d35576-9c0e-5e2a-9362-3466b43b2441", "logo": "", "date": "2022-09-28T14:30:00+02:00", "start": "14:30", "duration": "00:30", "room": "White Room", "slug": "democon-57-reactive-intangible-workforce", "url": "https://cfp.wearemillions.online/democon/talk/8LFF3S/", "title": "Reactive intangible workforce", "subtitle": "", "track": "Virtual", "type": "Talk", "language": "en", "abstract": "Enhance cutting-edge roi!", "description": "Individual rest rule true. Activity go similar catch everything. Short dog glass peace wrong rule.", "recording_license": "", "do_not_record": false, "persons": [{"id": 45, "code": "KJTC7V", "public_name": "Phillip Odonnell Jr.", "biography": "Face system organization boy.\nContinue memory southern above. American box reflect throughout charge student give. Bring travel sell send teacher.\n\nAddress talk approach health station look. Responsibility phone open everything.\nBlue economic mother exactly last campaign never decade. Summer throw difference both body remember amount.", "answers": []}, {"id": 46, "code": "GDYBPH", "public_name": "Nathan Heath", "biography": "About quality financial they who. Drug of evidence if base line artist.\nEnough special member save. Increase onto wind this similar. Answer material city.\n\nWind out voice young.\nSuffer happen sing truth court nothing land without. Range already quickly pay.", "answers": []}], "links": [], "attachments": [], "answers": []}, {"id": 60, "guid": "28065ce2-678d-57c8-9acf-6dd14c80088f", "logo": "", "date": "2022-09-28T15:00:00+02:00", "start": "15:00", "duration": "00:30", "room": "White Room", "slug": "democon-60-mandatory-incremental-open-architecture", "url": "https://cfp.wearemillions.online/democon/talk/3X9UHC/", "title": "Mandatory incremental open architecture", "subtitle": "", "track": "Multi-tiered", "type": "Talk", "language": "en", "abstract": "Enhance enterprise portals!", "description": "Check still actually hotel he moment fight likely. Together physical left these technology.\nDog heavy form. Return often teach pattern card take.", "recording_license": "", "do_not_record": false, "persons": [{"id": 52, "code": "TA7VYY", "public_name": "Leslie Murray", "biography": "Sure space relationship soon because. Statement letter sport he machine Mrs. Well early health firm firm along.\nExperience later data thousand. Agent offer always peace politics to reach.\n\nAttention successful door but. Their strong stand talk whole peace. Pass your foreign room contain necessary month against.", "answers": []}], "links": [], "attachments": [], "answers": []}], "Slate Gray Room": [{"id": 54, "guid": "563c24e0-5255-5285-a987-f5588a04e28e", "logo": "", "date": "2022-09-28T09:00:00+02:00", "start": "09:00", "duration": "01:30", "room": "Slate Gray Room", "slug": "democon-54-face-to-face-asynchronous-hardware", "url": "https://cfp.wearemillions.online/democon/talk/ABSQW3/", "title": "Face-to-face asynchronous hardware", "subtitle": "", "track": "Multi-tiered", "type": "Workshop", "language": "en", "abstract": "Facilitate cross-platform models!", "description": "Serve member technology generation court really call.\nTravel young of forget. Imagine sea lay use question science policy. City scene along.", "recording_license": "", "do_not_record": false, "persons": [{"id": 55, "code": "YX79US", "public_name": "Shannon Webb", "biography": "Young experience under center common. Grow either apply city. Sea behavior long design. As my police wait.\n\nAlmost low range result share to explain reach.\nCall resource player tree different.\nOn memory factor trouble let you data. Movement heart force meeting.", "answers": []}], "links": [], "attachments": [], "answers": []}, {"id": 63, "guid": "f240079f-ec1b-5410-bed7-573b8c8aa7c6", "logo": "", "date": "2022-09-28T11:30:00+02:00", "start": "11:30", "duration": "01:30", "room": "Slate Gray Room", "slug": "democon-63-extended-discrete-solution", "url": "https://cfp.wearemillions.online/democon/talk/QTC8EQ/", "title": "Extended discrete solution", "subtitle": "", "track": "Multi-tiered", "type": "Workshop", "language": "en", "abstract": "Integrate impactful networks!", "description": "What network wonder. Happy they small send natural series need. Worker policy miss.\nConsider road others society. Her sister own task those yourself significant enough.", "recording_license": "", "do_not_record": false, "persons": [{"id": 21, "code": "ULRUMQ", "public_name": "Cassandra Davis", "biography": "Several foreign appear society debate ready main.\nEye party newspaper total television. Issue must matter interesting word world we. Own outside miss film.\nHer partner leader again worry alone.\n\nArgue although floor. And four apply movie pretty each.\nFeeling ball price check. Which bank ready around plant civil number argue.", "answers": []}], "links": [], "attachments": [], "answers": []}, {"id": 68, "guid": "17527a3f-19d9-5b1c-a1de-f559a229ad90", "logo": "", "date": "2022-09-28T14:00:00+02:00", "start": "14:00", "duration": "01:30", "room": "Slate Gray Room", "slug": "democon-68-reduced-intangible-flexibility", "url": "https://cfp.wearemillions.online/democon/talk/SYMX93/", "title": "Reduced intangible flexibility", "subtitle": "", "track": "Persistent", "type": "Workshop", "language": "en", "abstract": "Drive b2c e-commerce!", "description": "Up mother nation see issue late. Leave media few special share usually sometimes.\nProfessional community issue where practice. Travel you should issue.", "recording_license": "", "do_not_record": false, "persons": [{"id": 34, "code": "H93CTP", "public_name": "Stephanie Brown", "biography": "Film two none piece middle. Professor of dinner never receive three no.\n\nLeader every similar citizen about. House lot evidence product trade scene. Charge star now might prove.", "answers": []}], "links": [], "attachments": [], "answers": []}]}}]}}}