{"schedule": {"version": "v1.85", "base_url": "http://localhost/democon/schedule/", "conference": {"acronym": "democon", "title": "DemoCon", "start": "2022-09-06", "end": "2022-09-08", "daysCount": 3, "timeslot_duration": "00:05", "time_zone_name": "Europe/Berlin", "rooms": [{"name": "Pale Golden Rod Room", "guid": null, "description": null, "capacity": null}, {"name": "Dark Red Room", "guid": null, "description": null, "capacity": null}], "days": [{"index": 1, "date": "2022-09-06", "day_start": "2022-09-06T04:00:00+02:00", "day_end": "2022-09-07T03:59:00+02:00", "rooms": {"Dark Red Room": [{"id": 1, "guid": "3d4850d3-2dfb-5648-b82c-860600bf368a", "logo": "", "date": "2022-09-06T01:50:00+02:00", "start": "01:50", "duration": "01:30", "room": "Dark Red Room", "slug": "democon-1-persevering-cohesive-concept", "url": "http://localhost/democon/talk/XFUR3C/", "title": "Persevering cohesive concept", "subtitle": "", "track": "Organic", "type": "Workshop", "language": "en", "abstract": "Reinvent one-to-one info-mediaries!", "description": "Lay baby democratic career thus scene seven. Challenge red item notice important quality truth question. Work color another vote upon.", "recording_license": "", "do_not_record": false, "persons": [{"id": 2, "code": "YY3RMW", "public_name": "Susan Martinez", "biography": "Serious increase everybody who heart court. Show father reason goal staff safe recognize.\nWay church human. Coach number executive care real new example.\n\nKnow new ball past try peace. Finally thousand bill set throughout help open.", "answers": []}], "links": [], "attachments": [], "answers": []}, {"id": 2, "guid": "04b44c02-7d06-5e80-9408-ffbba3f48acf", "logo": "", "date": "2022-09-06T11:30:00+02:00", "start": "11:30", "duration": "01:30", "room": "Dark Red Room", "slug": "democon-2-visionary-mission-critical-toolset", "url": "http://localhost/democon/talk/P3VPFD/", "title": "Visionary mission-critical toolset", "subtitle": "", "track": "Multi-lateral", "type": "Workshop", "language": "en", "abstract": "Transition vertical networks!", "description": "City several book class buy. General enjoy only news. Goal sea of seven magazine five.", "recording_license": "", "do_not_record": false, "persons": [{"id": 3, "code": "AGNRWA", "public_name": "Samuel Williams", "biography": "Star eight question shake apply nor television. Become candidate yard. Others about attorney take choose. Behavior mission red teach same company image.\n\nNatural environmental bag notice. Much difficult avoid girl tree. Senior somebody answer daughter recent student Mr.\nShare within key away. About realize long story bit choose.", "answers": []}], "links": [], "attachments": [], "answers": []}, {"id": 6, "guid": "19060c2c-8d8c-5a36-82b7-86e7d0580026", "logo": "", "date": "2022-09-06T14:00:00+02:00", "start": "14:00", "duration": "01:30", "room": "Dark Red Room", "slug": "democon-6-re-contextualized-asynchronous-success", "url": "http://localhost/democon/talk/Y7TNXH/", "title": "Re-contextualized asynchronous success", "subtitle": "", "track": "Multi-lateral", "type": "Workshop", "language": "en", "abstract": "Leverage b2b applications!", "description": "Way plan necessary time choice measure. Wonder doctor up practice. Full choice establish out factor serious room. Recently focus else.", "recording_license": "", "do_not_record": false, "persons": [{"id": 7, "code": "G3ELZW", "public_name": "Cameron Barnett", "biography": "Step second sign science. Fire send continue although crime class. Thousand able close opportunity.\n\nEducation such have foreign station analysis future. Top mother remember civil.\nMedical audience western ever store do begin. Pass service bring wife decide fast clearly. Boy air describe wife.", "answers": []}], "links": [], "attachments": [], "answers": []}], "Pale Golden Rod Room": [{"id": 7, "guid": "b1bd3a4d-f358-522b-99ca-ca8b68330411", "logo": "", "date": "2022-09-06T02:40:00+02:00", "start": "02:40", "duration": "00:45", "room": "Pale Golden Rod Room", "slug": "democon-7-optional-bifurcated-attitude", "url": "http://localhost/democon/talk/CAXE7R/", "title": "Optional bifurcated attitude", "subtitle": "", "track": "Organic", "type": "Talk", "language": "en", "abstract": "Incentivize b2b info-mediaries!", "description": "Up another worker positive financial. Station ten exactly top majority final yourself.", "recording_license": "", "do_not_record": false, "persons": [{"id": 8, "code": "ZQ3LRY", "public_name": "Martin Baker", "biography": "Simple sometimes leg quite. Address expert here since example choose.\n\nResource some nor heavy how tough look. Scientist thousand society amount. Bank success second tell involve candidate.\nGo very senior of as. Case try use family.", "answers": []}], "links": [], "attachments": [], "answers": []}, {"id": 8, "guid": "15a69cba-93cf-5d4d-84d3-8eecac9a483a", "logo": "", "date": "2022-09-06T10:00:00+02:00", "start": "10:00", "duration": "00:50", "room": "Pale Golden Rod Room", "slug": "democon-8-ergonomic-object-oriented-hub", "url": "http://localhost/democon/talk/GL7LRL/", "title": "Ergonomic object-oriented hub", "subtitle": "", "track": "Multi-lateral", "type": "Talk", "language": "en", "abstract": "Architect cross-platform infrastructures!", "description": "Class lay avoid someone try law ground. Share option Republican out place behind at. Difficult great rich pass arm fact.", "recording_license": "", "do_not_record": false, "persons": [{"id": 9, "code": "VUA8UM", "public_name": "Kimberly Smith", "biography": "Another message town talk them book.\nSpeak imagine minute summer.\nHospital become hour often floor individual. Government thousand management your.\n\nCan adult protect majority statement middle sell. Police space way night heart.\nBody defense available consider statement off artist through. Him such agreement include option.", "answers": []}], "links": [], "attachments": [], "answers": []}, {"id": 10, "guid": "09bf5ba8-8d2e-5b2d-9b59-8083fc2900f2", "logo": "", "date": "2022-09-06T11:30:00+02:00", "start": "11:30", "duration": "01:05", "room": "Pale Golden Rod Room", "slug": "democon-10-synchronized-disintermediate-support", "url": "http://localhost/democon/talk/DKLQ9G/", "title": "Synchronized disintermediate support", "subtitle": "", "track": "Organic", "type": "Talk", "language": "en", "abstract": "Morph turn-key content!", "description": "Admit style finally later do. Decade officer choose six enjoy.\r\nApply source sell field rich sit determine. Commercial present impact I recent event. Four rich view away.", "recording_license": "", "do_not_record": false, "persons": [{"id": 11, "code": "XXBRAB", "public_name": "Amy Perez", "biography": "Ever visit join his take. Our official science attorney concern keep stay. First fish then wear.\nGreat identify raise leader blue seek.\n\nTerm air common forward listen college. Think fly current study while story. Strategy future eat would.", "answers": []}], "links": [], "attachments": [], "answers": []}, {"id": 11, "guid": "31133637-10db-5297-aa48-93ffd5543530", "logo": "", "date": "2022-09-06T12:00:00+02:00", "start": "12:00", "duration": "00:30", "room": "Pale Golden Rod Room", "slug": "democon-11-managed-reciprocal-moratorium", "url": "http://localhost/democon/talk/Z3PTKX/", "title": "Managed reciprocal moratorium", "subtitle": "", "track": "Right-sized", "type": "Talk", "language": "en", "abstract": "Re-contextualize 24/365 channels!", "description": "Professional more world would begin others any its. Yet issue heart bad.\nRange sit grow democratic send listen bill. Model I involve fear anything suddenly bed.", "recording_license": "", "do_not_record": false, "persons": [{"id": 12, "code": "QLJPJ3", "public_name": "Brandy Mcclain", "biography": "Argue impact great just stage build dog. May grow trouble themselves car memory research.\n\nDevelopment head understand for world pull him. Same agreement training section mission. Space same black leave range point.", "answers": []}], "links": [], "attachments": [], "answers": []}, {"id": 14, "guid": "ad8e0aaa-7df5-5f95-8845-d943b3b02ec5", "logo": "", "date": "2022-09-06T12:30:00+02:00", "start": "12:30", "duration": "00:30", "room": "Pale Golden Rod Room", "slug": "democon-14-up-sized-optimal-hardware", "url": "http://localhost/democon/talk/LNNGAM/", "title": "Up-sized optimal hardware", "subtitle": "", "track": "Organic", "type": "Talk", "language": "en", "abstract": "Productize compelling deliverables!", "description": "Religious others lot end rest. Base consider month ready. Term TV since news agreement.\nTreat section situation financial discover bar surface time. Write break price. Class win wide money scene.", "recording_license": "", "do_not_record": false, "persons": [{"id": 12, "code": "QLJPJ3", "public_name": "Brandy Mcclain", "biography": "Argue impact great just stage build dog. May grow trouble themselves car memory research.\n\nDevelopment head understand for world pull him. Same agreement training section mission. Space same black leave range point.", "answers": []}, {"id": 15, "code": "DCTA87", "public_name": "Christine Green", "biography": "Best without military everyone first billion. Nation enter technology peace measure maintain source.\nWell picture beautiful Mr. Degree amount media occur look reach. Suddenly baby rich.\n\nNew father suffer suddenly. Offer allow director manager. Hold cultural effect foot increase then.", "answers": []}], "links": [], "attachments": [], "answers": []}, {"id": 15, "guid": "7ae72282-27c0-52c8-be93-fc680975a541", "logo": "", "date": "2022-09-06T14:00:00+02:00", "start": "14:00", "duration": "00:30", "room": "Pale Golden Rod Room", "slug": "democon-15-polarized-asymmetric-open-system", "url": "http://localhost/democon/talk/ULTKVK/", "title": "Polarized asymmetric open system", "subtitle": "", "track": "Mandatory", "type": "Talk", "language": "en", "abstract": "Incentivize transparent functionalities!", "description": "Scientist animal including production structure third claim. Left news film. Sort detail simple.\nWhile avoid all line early black. Front explain itself civil conference agent.", "recording_license": "", "do_not_record": false, "persons": [{"id": 16, "code": "HPRG7L", "public_name": "Tina Dawson", "biography": "Left number under model local process. Still up business.\nPurpose consider voice bar call. Ability have various century size ok side full.\n\nRisk goal grow six. Word word question ok role.\nRepresent benefit wind late born position. Record he tax alone return impact campaign. Factor should everything side.", "answers": []}], "links": [], "attachments": [], "answers": []}, {"id": 16, "guid": "85b86ce8-3e8a-5c21-86c4-62a411edb98e", "logo": "", "date": "2022-09-06T14:30:00+02:00", "start": "14:30", "duration": "00:30", "room": "Pale Golden Rod Room", "slug": "democon-16-fully-configurable-leadingedge-workforce", "url": "http://localhost/democon/talk/YFGXQV/", "title": "Fully-configurable leadingedge workforce", "subtitle": "", "track": "Multi-lateral", "type": "Talk", "language": "en", "abstract": "Expedite vertical schemas!", "description": "Thank development little newspaper pressure could military. Edge simple media kitchen. Grow entire agency a.\nSure after ready. Analysis up suffer work age.", "recording_license": "", "do_not_record": false, "persons": [{"id": 17, "code": "GKFMVD", "public_name": "Hannah Mccormick", "biography": "Road send former wonder remember bank still good. Back two open exactly interest. Store mission whole account company anyone.\n\nAlways chair case seat reality. Man table husband in.\nCan less first child.", "answers": []}], "links": [], "attachments": [], "answers": []}, {"id": 20, "guid": "46945f55-3ffa-5a9e-9bfd-812830d4e9db", "logo": "", "date": "2022-09-06T15:00:00+02:00", "start": "15:00", "duration": "00:30", "room": "Pale Golden Rod Room", "slug": "democon-20-enhanced-next-generation-methodology", "url": "http://localhost/democon/talk/EXREM7/", "title": "Enhanced next generation methodology", "subtitle": "", "track": "Multi-lateral", "type": "Talk", "language": "en", "abstract": "Evolve granular interfaces!", "description": "Team role white protect. Lead wrong major language. Wrong whether her really ground beyond.\nArgue finally standard chance role. Page suddenly director more without size.", "recording_license": "", "do_not_record": false, "persons": [{"id": 21, "code": "DYUXUJ", "public_name": "Anthony Anthony", "biography": "Be a career state she not. Need total strategy but. Threat record room treatment she maybe.\nTreat here commercial such nice. Positive well baby instead. Large make head black sing ahead.\n\nPractice who open foot. Capital early dark.\nNew loss if pull type visit address energy. Eat discover do.\nPlant raise describe face. Central care weight nation charge he. Meet air series trial.", "answers": []}], "links": [], "attachments": [], "answers": []}]}}, {"index": 2, "date": "2022-09-07", "day_start": "2022-09-07T04:00:00+02:00", "day_end": "2022-09-08T03:59:00+02:00", "rooms": {"Pale Golden Rod Room": [{"id": 22, "guid": "7cb44ade-65bd-502b-af28-eeb358bc59d6", "logo": "", "date": "2022-09-07T09:00:00+02:00", "start": "09:00", "duration": "00:30", "room": "Pale Golden Rod Room", "slug": "democon-22-reactive-intermediate-graphic-interface", "url": "http://localhost/democon/talk/ANTHYT/", "title": "Reactive intermediate Graphic Interface", "subtitle": "", "track": "Multi-lateral", "type": "Talk", "language": "en", "abstract": "Architect dot-com web-readiness!", "description": "Blood plant prepare bank and great.\nConference citizen much scene. Avoid national significant require smile go. Total truth nothing participant threat activity. After method generation eight sister.", "recording_license": "", "do_not_record": false, "persons": [{"id": 23, "code": "H33MP3", "public_name": "Robert Williams", "biography": "Sometimes team sort ever challenge service. Organization note relate.\nSay drop person billion. Nice smile manager people open director soldier military. Morning there but half always energy similar.\n\nAlthough represent save. Employee forget station sign attack find.\nCurrent understand sense defense truth. Pm cause discussion case suggest social fund. Wish usually north play art tax.", "answers": []}], "links": [], "attachments": [], "answers": []}, {"id": 23, "guid": "b3265667-c26c-5a16-b9a2-ff62e836e294", "logo": "", "date": "2022-09-07T09:30:00+02:00", "start": "09:30", "duration": "00:30", "room": "Pale Golden Rod Room", "slug": "democon-23-organized-high-level-portal", "url": "http://localhost/democon/talk/A8Z9Z8/", "title": "Organized high-level portal", "subtitle": "", "track": "Right-sized", "type": "Talk", "language": "en", "abstract": "Whiteboard user-centric platforms!", "description": "Here win pressure. Itself red study close.\nLeader dark explain design whom. Car final himself whatever support. Say traditional mouth identify heavy example light.", "recording_license": "", "do_not_record": false, "persons": [{"id": 24, "code": "W93XMZ", "public_name": "Rebecca Dennis", "biography": "Instead begin support world mean that through however. Five son of kid after glass table under. Since worker back like name among why.\n\nKey all top professional carry natural. Tax capital local. Particular continue they short establish section. Nature science after environmental myself unit.", "answers": []}], "links": [], "attachments": [], "answers": []}, {"id": 25, "guid": "cc0a6d87-247c-5805-82d2-bb7d27c87352", "logo": "", "date": "2022-09-07T10:00:00+02:00", "start": "10:00", "duration": "00:30", "room": "Pale Golden Rod Room", "slug": "democon-25-streamlined-real-time-database", "url": "http://localhost/democon/talk/NEBMUX/", "title": "Streamlined real-time database", "subtitle": "", "track": "Multi-lateral", "type": "Talk", "language": "en", "abstract": "Engage impactful networks!", "description": "Beat station mean those wonder. Mission peace on commercial. Oil you feel dinner threat lose full.\nOrder campaign professional analysis list. Real student reflect talk check full.", "recording_license": "", "do_not_record": false, "persons": [{"id": 26, "code": "GDAS7A", "public_name": "Alison Scott", "biography": "Street clear apply look firm. Inside treat democratic true campaign.\nNot animal would husband a. Place bag PM significant join will magazine sense. Course foot room near size material.\n\nTalk yard allow purpose capital often.\nCitizen edge onto grow Mrs ok. Send age both attention us week tax. Rock hold choose tell price life.", "answers": []}], "links": [], "attachments": [], "answers": []}, {"id": 26, "guid": "c9f9d1ba-49bd-5602-a879-64181be8d3be", "logo": "", "date": "2022-09-07T11:30:00+02:00", "start": "11:30", "duration": "00:30", "room": "Pale Golden Rod Room", "slug": "democon-26-stand-alone-modular-interface", "url": "http://localhost/democon/talk/EXK7FR/", "title": "Stand-alone modular interface", "subtitle": "", "track": "Organic", "type": "Talk", "language": "en", "abstract": "Brand plug-and-play roi!", "description": "Per happen think hit wear. He onto very mission success who and middle.", "recording_license": "", "do_not_record": false, "persons": [{"id": 27, "code": "DUQWCA", "public_name": "Travis Gonzalez", "biography": "Trouble white task resource shake establish top article. Once paper most simple my crime. Brother decide apply money its.\n\nHospital agree mouth green we study discuss. My anyone nation many himself total.", "answers": []}], "links": [], "attachments": [], "answers": []}, {"id": 27, "guid": "e14dbc10-1b4c-598d-8778-c84767de0514", "logo": "", "date": "2022-09-07T12:00:00+02:00", "start": "12:00", "duration": "00:30", "room": "Pale Golden Rod Room", "slug": "democon-27-monitored-non-volatile-matrix", "url": "http://localhost/democon/talk/D7CJ3Q/", "title": "Monitored non-volatile matrix", "subtitle": "", "track": "Multi-lateral", "type": "Talk", "language": "en", "abstract": "Strategize innovative networks!", "description": "Head gas remember senior their. Owner also laugh box. Explain although specific.", "recording_license": "", "do_not_record": false, "persons": [{"id": 28, "code": "PHPKRY", "public_name": "Mark Hooper", "biography": "Stage stuff everyone provide institution organization learn. Air radio tough.\nWord including wear commercial. Factor run billion big plant simply.\n\nInterview Mrs staff around human.\nFormer or dog his kind. Second shake seat area. Result quickly speech south indicate fear much tree.", "answers": []}], "links": [], "attachments": [], "answers": []}, {"id": 33, "guid": "4e013ec0-e0fc-5854-8f41-423c17e89479", "logo": "", "date": "2022-09-07T12:30:00+02:00", "start": "12:30", "duration": "00:30", "room": "Pale Golden Rod Room", "slug": "democon-33-up-sized-directional-synergy", "url": "http://localhost/democon/talk/AHQQNA/", "title": "Up-sized directional synergy", "subtitle": "", "track": "Organic", "type": "Talk", "language": "en", "abstract": "Expedite 24/7 relationships!", "description": "Good military reason suffer amount current reality. Later teach reduce keep appear other cause despite.\nRange they growth. Leg world control in science collection.", "recording_license": "", "do_not_record": false, "persons": [{"id": 34, "code": "HF7YDL", "public_name": "Warren Fisher", "biography": "Sense own strong. Difference wish still population we body room friend. Much rock hand.\nThemselves maybe body. Person little home sense fish chance similar party. Language including speech.\n\nVery anything collection meet space sense. Call try relate campaign white. Ago guess consumer at live. Beat cultural safe drive lead while.\nMrs least hundred sea remain. Off eye market month.", "answers": []}], "links": [], "attachments": [], "answers": []}, {"id": 38, "guid": "5efbb270-efe0-51fb-9805-b394d9c57d88", "logo": "", "date": "2022-09-07T14:00:00+02:00", "start": "14:00", "duration": "00:30", "room": "Pale Golden Rod Room", "slug": "democon-38-future-proofed-mission-critical-utilization", "url": "http://localhost/democon/talk/KMRBRM/", "title": "Future-proofed mission-critical utilization", "subtitle": "", "track": "Right-sized", "type": "Talk", "language": "en", "abstract": "Integrate wireless initiatives!", "description": "Other respond account list. Far attack size clearly source camera personal election.\nMachine much but response grow. When may any fund certainly. Pattern that follow feeling number.", "recording_license": "", "do_not_record": false, "persons": [{"id": 39, "code": "LHJK7X", "public_name": "Dennis Jones", "biography": "Position will you would stand. Recognize particularly happen early military.\nPurpose live whose new organization. Woman they point tax.\n\nCoach since would alone. Measure produce defense cell defense begin. Street husband article century action son.", "answers": []}], "links": [], "attachments": [], "answers": []}, {"id": 39, "guid": "0f688879-1277-5173-a6bb-cf13652f0a95", "logo": "", "date": "2022-09-07T14:30:00+02:00", "start": "14:30", "duration": "00:30", "room": "Pale Golden Rod Room", "slug": "democon-39-organic-optimal-hardware", "url": "http://localhost/democon/talk/PA8TER/", "title": "Organic optimal hardware", "subtitle": "", "track": "Multi-lateral", "type": "Talk", "language": "en", "abstract": "Synergize next-generation models!", "description": "West you if other share raise wall magazine. Realize must book manager security a rest country. Movie catch result score threat hit more.\nWoman no up common good. Throw without quite thousand end.", "recording_license": "", "do_not_record": false, "persons": [{"id": 40, "code": "VWWAFX", "public_name": "Pamela Bentley", "biography": "Yes dark war American here expect next professional. Who phone to.\nExecutive door against number term staff. Again safe television in minute choose should maintain.\n\nModern turn worker yard them more leg.\nWife gas condition PM. Task stuff need check. Term professional computer always there movie follow.", "answers": []}], "links": [], "attachments": [], "answers": []}, {"id": 40, "guid": "babc8781-a289-5bc3-9442-4f78d40acc9b", "logo": "", "date": "2022-09-07T15:00:00+02:00", "start": "15:00", "duration": "00:30", "room": "Pale Golden Rod Room", "slug": "democon-40-self-enabling-3rdgeneration-matrix", "url": "http://localhost/democon/talk/GXGWJ8/", "title": "Self-enabling 3rdgeneration matrix", "subtitle": "", "track": "Multi-lateral", "type": "Talk", "language": "en", "abstract": "Utilize bricks-and-clicks bandwidth!", "description": "Move enter various economy skin class and.\nMovement whether green senior operation attack. Forward news actually card.", "recording_license": "", "do_not_record": false, "persons": [{"id": 41, "code": "UVXSTM", "public_name": "Karen Clayton", "biography": "Forget air effort season purpose. Cultural its phone you house. Public air factor second tell.\nProduce I none unit cup. History run beyond. Sport kid home impact young second.\n\nTravel nation institution take effort. Special contain decision put hair stock.\nMain to threat owner TV. Beyond war pressure pretty.", "answers": []}], "links": [], "attachments": [], "answers": []}], "Dark Red Room": [{"id": 18, "guid": "001e2da2-38ea-55a4-94b7-573ad2001095", "logo": "", "date": "2022-09-07T09:00:00+02:00", "start": "09:00", "duration": "01:30", "room": "Dark Red Room", "slug": "democon-18-horizontal-didactic-methodology", "url": "http://localhost/democon/talk/3J9C7D/", "title": "Horizontal didactic methodology", "subtitle": "", "track": "Mandatory", "type": "Workshop", "language": "en", "abstract": "Syndicate end-to-end deliverables!", "description": "Record heavy way control dream. Near charge add most rise between cell. Hope government training dark.\nFather decade that west age kid friend. Sort course treatment.", "recording_license": "", "do_not_record": false, "persons": [{"id": 19, "code": "VLS7BK", "public_name": "Alicia Vincent", "biography": "Long but partner city set standard key. Reveal few describe.\nChange site history morning far. Actually them magazine which position window. Threat week he as market work.\n\nNice off war window pick turn fact. Picture when itself civil citizen. Painting suggest hot.\nCatch stop yard often billion crime. Station bit seem up name individual.", "answers": []}], "links": [], "attachments": [], "answers": []}, {"id": 24, "guid": "078a969d-7051-5e2a-9b39-c09dcec5352c", "logo": "", "date": "2022-09-07T11:30:00+02:00", "start": "11:30", "duration": "01:30", "room": "Dark Red Room", "slug": "democon-24-ameliorated-directional-toolset", "url": "http://localhost/democon/talk/WNLB3L/", "title": "Ameliorated directional toolset", "subtitle": "", "track": "Multi-lateral", "type": "Workshop", "language": "en", "abstract": "Streamline compelling e-tailers!", "description": "Too trouble bad role speak man. Mother TV let ready.\nLot return likely traditional sister answer give. Check continue laugh job same issue. Factor small draw budget.", "recording_license": "", "do_not_record": false, "persons": [{"id": 25, "code": "V73KGN", "public_name": "Tina Palmer MD", "biography": "Although thousand economic fill allow house city. Everything cause ball according use instead. Rather those current out.\nChoose current most surface.\n\nBack fall where read meeting picture affect. Nothing financial believe share find job. Talk dream father system.", "answers": []}], "links": [], "attachments": [], "answers": []}, {"id": 36, "guid": "68c85643-7895-5177-a4bb-c19f64188e0b", "logo": "", "date": "2022-09-07T14:00:00+02:00", "start": "14:00", "duration": "01:30", "room": "Dark Red Room", "slug": "democon-36-secured-composite-protocol", "url": "http://localhost/democon/talk/7MNTUC/", "title": "Secured composite protocol", "subtitle": "", "track": "Mandatory", "type": "Workshop", "language": "en", "abstract": "Grow interactive users!", "description": "Oil whose role billion read.\nField force become vote collection some.\nBreak provide four soldier. Surface against carry certainly operation foot. While finally source meeting subject.", "recording_license": "", "do_not_record": false, "persons": [{"id": 37, "code": "UCENYZ", "public_name": "Jesus Lopez", "biography": "Side about fact. Remember air occur beautiful risk popular. Detail sense able expert we study.\n\nAnimal particularly husband run model. Hospital today play store court.\nCamera city every bed. Campaign girl indeed if. Accept country crime.", "answers": []}], "links": [], "attachments": [], "answers": []}]}}, {"index": 3, "date": "2022-09-08", "day_start": "2022-09-08T04:00:00+02:00", "day_end": "2022-09-09T03:59:00+02:00", "rooms": {"Pale Golden Rod Room": [{"id": 52, "guid": "cf4fc71a-88ee-570c-9816-1d4239fe81a9", "logo": "", "date": "2022-09-08T09:00:00+02:00", "start": "09:00", "duration": "00:30", "room": "Pale Golden Rod Room", "slug": "democon-52-fully-configurable-eco-centric-customer-loyalty", "url": "http://localhost/democon/talk/SDHETA/", "title": "Fully-configurable eco-centric customer loyalty", "subtitle": "", "track": "Mandatory", "type": "Talk", "language": "en", "abstract": "Aggregate compelling metrics!", "description": "Ground support huge candidate protect decide strong. Far environment prepare class card law.\nPolitical tax from exist. Practice radio half believe window crime value.", "recording_license": "", "do_not_record": false, "persons": [{"id": 35, "code": "3WUPED", "public_name": "Emily Mckenzie", "biography": "Fire growth section land well may. Civil buy various. Treatment buy some month.\n\nPersonal character population protect. Ago third general entire about fall.\nHis activity wide put better pretty. Weight own positive grow. Ground military sell very.", "answers": []}], "links": [], "attachments": [], "answers": []}, {"id": 62, "guid": "162921eb-2d9c-57d2-8cfe-25c5ca19a718", "logo": "", "date": "2022-09-08T09:30:00+02:00", "start": "09:30", "duration": "00:30", "room": "Pale Golden Rod Room", "slug": "democon-62-inverse-maximized-budgetary-management", "url": "http://localhost/democon/talk/WWGQBA/", "title": "Inverse maximized budgetary management", "subtitle": "", "track": "Organic", "type": "Talk", "language": "en", "abstract": "Mesh customized eyeballs!", "description": "Mother woman example audience general.\nInto analysis former buy country yet require people. Keep able should center. Million trouble live do charge.", "recording_license": "", "do_not_record": false, "persons": [{"id": 2, "code": "YY3RMW", "public_name": "Susan Martinez", "biography": "Serious increase everybody who heart court. Show father reason goal staff safe recognize.\nWay church human. Coach number executive care real new example.\n\nKnow new ball past try peace. Finally thousand bill set throughout help open.", "answers": []}], "links": [], "attachments": [], "answers": []}, {"id": 63, "guid": "820a7857-0a0d-5fbf-b2d2-ab33df2a1edb", "logo": "", "date": "2022-09-08T10:00:00+02:00", "start": "10:00", "duration": "00:30", "room": "Pale Golden Rod Room", "slug": "democon-63-automated-didactic-extranet", "url": "http://localhost/democon/talk/A97FYC/", "title": "Automated didactic extranet", "subtitle": "", "track": "Right-sized", "type": "Talk", "language": "en", "abstract": "Deploy out-of-the-box markets!", "description": "West size successful though. Too involve direction thing however course experience.\nEveryone my record who. She if yourself role economic. Old big lead true issue four.", "recording_license": "", "do_not_record": false, "persons": [{"id": 30, "code": "FPPTUQ", "public_name": "Valerie Schneider", "biography": "Service expect Mr build morning light drop. Tonight agreement glass history thought figure.\nYeah rather agreement. Hard left really fall represent until event pattern.\n\nAdd remember its side enter staff Republican phone. We with region hold. Economy technology garden thing reflect director improve.", "answers": []}], "links": [], "attachments": [], "answers": []}, {"id": 68, "guid": "3b4e4f4e-9c38-50ed-b4d4-cda43c565755", "logo": "", "date": "2022-09-08T11:30:00+02:00", "start": "11:30", "duration": "00:30", "room": "Pale Golden Rod Room", "slug": "democon-68-customer-focused-global-neural-net", "url": "http://localhost/democon/talk/KTP8GR/", "title": "Customer-focused global neural-net", "subtitle": "", "track": "Organic", "type": "Talk", "language": "en", "abstract": "Re-intermediate customized e-tailers!", "description": "Room know large imagine very TV health threat.\nHis major especially look feeling. Would require indeed total group. Arrive campaign common. Coach drop our serious realize.", "recording_license": "", "do_not_record": true, "persons": [{"id": 5, "code": "DTA8H8", "public_name": "Gregory Smith", "biography": "Those debate join finally apply. Still within its let card. Forget itself particularly beyond specific accept mouth culture.\n\nCultural personal food reason or. Sort difficult structure soldier huge. Race politics goal rate like choose.", "answers": []}], "links": [], "attachments": [], "answers": []}, {"id": 70, "guid": "64642a18-d92e-5206-9f32-e5d4e27b1ddb", "logo": "", "date": "2022-09-08T12:00:00+02:00", "start": "12:00", "duration": "00:30", "room": "Pale Golden Rod Room", "slug": "democon-70-extended-demand-driven-synergy", "url": "http://localhost/democon/talk/AZDVFL/", "title": "Extended demand-driven synergy", "subtitle": "", "track": "Mandatory", "type": "Talk", "language": "en", "abstract": "Target customized deliverables!", "description": "Worry still she. Wide meet inside left no. Change letter after next loss executive them.\nQuite value man sense throughout. No like peace Congress near one.", "recording_license": "", "do_not_record": false, "persons": [{"id": 38, "code": "8LKRVG", "public_name": "Tiffany Rodriguez", "biography": "Personal meeting seven role painting.\nExist cell interview especially while stage deal. This if need central.\n\nFew around quickly role world run. Opportunity firm any base happen book understand.\nPopular way quickly. Hour control lawyer nor create his clear. Make them ahead man.", "answers": []}], "links": [], "attachments": [], "answers": []}, {"id": 71, "guid": "c7c95590-fe13-5845-996e-4287844302b9", "logo": "", "date": "2022-09-08T12:30:00+02:00", "start": "12:30", "duration": "00:30", "room": "Pale Golden Rod Room", "slug": "democon-71-multi-channeled-modular-secured-line", "url": "http://localhost/democon/talk/UG9YZ8/", "title": "Multi-channeled modular secured line", "subtitle": "", "track": "Organic", "type": "Talk", "language": "en", "abstract": "Matrix visionary communities!", "description": "High big act magazine. Develop last far.\nMusic cover executive reality ok meeting us.\nBig option project figure hot democratic scientist. Week ground white test want past.", "recording_license": "", "do_not_record": false, "persons": [{"id": 22, "code": "DT8XGA", "public_name": "Erica Banks", "biography": "Watch cultural skin official store or. Under pull a should. Parent window article chair.\n\nTraditional simple music group. Pick indeed writer decade page realize tonight. Seven serious opportunity sort since voice leg.", "answers": []}], "links": [], "attachments": [], "answers": []}, {"id": 74, "guid": "749755cf-e593-5cd5-9f5c-4aa6faf279cc", "logo": "", "date": "2022-09-08T14:00:00+02:00", "start": "14:00", "duration": "00:30", "room": "Pale Golden Rod Room", "slug": "democon-74-balanced-demand-driven-graphical-user-interface", "url": "http://localhost/democon/talk/8GXXJZ/", "title": "Balanced demand-driven Graphical User Interface", "subtitle": "", "track": "Multi-lateral", "type": "Talk", "language": "en", "abstract": "Implement vertical portals!", "description": "Many before no student many special participant bit. Wish later huge just buy himself. Century form bad owner how easy big nothing. Citizen work act give morning.", "recording_license": "", "do_not_record": false, "persons": [{"id": 10, "code": "P9KCWL", "public_name": "Tommy Baker", "biography": "Your better relationship news common. Rise thank foot level.\nPolitics play total beyond.\nSame local opportunity toward. Possible structure still gun. Local address already management.\n\nMinute whatever provide attorney popular. Expect tough seek agree my at.\nEvidence pressure memory. Drug nor his instead. Shake shake election here.", "answers": []}], "links": [], "attachments": [], "answers": []}, {"id": 75, "guid": "943841e3-d2c6-5db2-9b2d-622ae2bb3e33", "logo": "", "date": "2022-09-08T14:30:00+02:00", "start": "14:30", "duration": "00:30", "room": "Pale Golden Rod Room", "slug": "democon-75-automated-incremental-installation", "url": "http://localhost/democon/talk/7RDHES/", "title": "Automated incremental installation", "subtitle": "", "track": "Multi-lateral", "type": "Talk", "language": "en", "abstract": "Orchestrate user-centric info-mediaries!", "description": "Light show hour election road. Number subject today.\nDream guy give or. Why discuss worry green education character too happy. Amount open middle shake home material. What already security base.", "recording_license": "", "do_not_record": false, "persons": [{"id": 6, "code": "3PNPZT", "public_name": "Haley Holder", "biography": "Whole while early more identify save their. Turn various young side later seem. Former reduce new so investment college.\n\nOften field action whole fill let. Produce prevent common it.", "answers": []}], "links": [], "attachments": [], "answers": []}, {"id": 77, "guid": "a2d6d137-6f64-539e-9144-ba6879a3267c", "logo": "", "date": "2022-09-08T15:00:00+02:00", "start": "15:00", "duration": "00:30", "room": "Pale Golden Rod Room", "slug": "democon-77-fully-configurable-multimedia-strategy", "url": "http://localhost/democon/talk/TSDZAK/", "title": "Fully-configurable multimedia strategy", "subtitle": "", "track": "Mandatory", "type": "Talk", "language": "en", "abstract": "Incubate scalable interfaces!", "description": "Once even sense impact their. Rock region them become final certainly might.\nInternational pay surface fall. Guess clear position. Ball author blue reason deal case air again.", "recording_license": "", "do_not_record": false, "persons": [{"id": 5, "code": "DTA8H8", "public_name": "Gregory Smith", "biography": "Those debate join finally apply. Still within its let card. Forget itself particularly beyond specific accept mouth culture.\n\nCultural personal food reason or. Sort difficult structure soldier huge. Race politics goal rate like choose.", "answers": []}], "links": [], "attachments": [], "answers": []}], "Dark Red Room": [{"id": 41, "guid": "e5003308-cb31-575d-a577-9e93093ff331", "logo": "", "date": "2022-09-08T09:00:00+02:00", "start": "09:00", "duration": "01:30", "room": "Dark Red Room", "slug": "democon-41-adaptive-logistical-framework", "url": "http://localhost/democon/talk/87CHNK/", "title": "Adaptive logistical framework", "subtitle": "", "track": "Mandatory", "type": "Workshop", "language": "en", "abstract": "Innovate web-enabled e-services!", "description": "Will campaign true. Task later similar hospital positive fear admit star. Amount structure smile character first. Second save maintain.", "recording_license": "", "do_not_record": false, "persons": [{"id": 42, "code": "EBMJWK", "public_name": "Stephen Howard", "biography": "Civil college nice still travel standard onto environment. Several own glass sure drug. Close power drive experience data line alone.\n\nData effect man behavior. Either environment wall.\nUnder seven form over involve parent. Become stay marriage set interview oil defense. Improve more economy why mind use accept.", "answers": []}], "links": [], "attachments": [], "answers": []}, {"id": 47, "guid": "c52c4b3e-d1e7-5ef6-9f19-5f3e3fdda36f", "logo": "", "date": "2022-09-08T11:30:00+02:00", "start": "11:30", "duration": "01:30", "room": "Dark Red Room", "slug": "democon-47-advanced-3rdgeneration-graphic-interface", "url": "http://localhost/democon/talk/P3G8AH/", "title": "Advanced 3rdgeneration Graphic Interface", "subtitle": "", "track": "Multi-lateral", "type": "Workshop", "language": "en", "abstract": "Embrace best-of-breed solutions!", "description": "Land body maintain Mrs current performance miss black. Run tax challenge something peace.\nTake international point their. Window court reduce actually material member. Suffer job moment bill.", "recording_license": "", "do_not_record": false, "persons": [{"id": 10, "code": "P9KCWL", "public_name": "Tommy Baker", "biography": "Your better relationship news common. Rise thank foot level.\nPolitics play total beyond.\nSame local opportunity toward. Possible structure still gun. Local address already management.\n\nMinute whatever provide attorney popular. Expect tough seek agree my at.\nEvidence pressure memory. Drug nor his instead. Shake shake election here.", "answers": []}], "links": [], "attachments": [], "answers": []}, {"id": 72, "guid": "86ea5c69-0eee-5a85-8746-69b12c6594b5", "logo": "", "date": "2022-09-08T14:00:00+02:00", "start": "14:00", "duration": "01:30", "room": "Dark Red Room", "slug": "democon-72-self-enabling-disintermediate-core", "url": "http://localhost/democon/talk/PDXGKB/", "title": "Self-enabling disintermediate core", "subtitle": "", "track": "Multi-lateral", "type": "Workshop", "language": "en", "abstract": "Transform bleeding-edge infrastructures!", "description": "Indeed all wide she. Cause owner interview too. Participant doctor against least herself million.", "recording_license": "", "do_not_record": false, "persons": [{"id": 6, "code": "3PNPZT", "public_name": "Haley Holder", "biography": "Whole while early more identify save their. Turn various young side later seem. Former reduce new so investment college.\n\nOften field action whole fill let. Produce prevent common it.", "answers": []}], "links": [], "attachments": [], "answers": []}]}}]}}}