<?xml version='1.0' encoding='utf-8' ?>
<!-- Made with love by pretalx v2.3.1post0. -->
<schedule>
    <generator name="pretalx" version="2.3.1post0" />
    <version>v1.43</version>
    <conference>
        <acronym>democon</acronym>
        <title>DemoCon</title>
        <start>2022-09-06</start>
        <end>2022-09-08</end>
        <days>3</days>
        <timeslot_duration>00:05</timeslot_duration>
        <base_url>http://localhost/democon/schedule/</base_url>
        <time_zone_name>Europe/Berlin</time_zone_name>
    </conference>
    <day index='1' date='2022-09-06' start='2022-09-06T04:00:00+02:00' end='2022-09-07T03:59:00+02:00'>
        <room name='Dark Red Room'>
            <event guid='3d4850d3-2dfb-5648-b82c-860600bf368a' id='1'>
                <date>2022-09-06T01:50:00+02:00</date>
                <start>01:50</start>
                <duration>01:30</duration>
                <room>Dark Red Room</room>
                <slug>democon-1-persevering-cohesive-concept</slug>
                <url>http://localhost/democon/talk/XFUR3C/</url>
                <recording>
                    <license></license>
                    <optout>false</optout>
                </recording>
                <title>Persevering cohesive concept</title>
                <subtitle></subtitle>
                <track>Organic</track>
                <type>Workshop</type>
                <language>en</language>
                <abstract>Reinvent one-to-one info-mediaries!</abstract>
                <description>Lay baby democratic career thus scene seven. Challenge red item notice important quality truth question. Work color another vote upon.</description>
                <logo></logo>
                <persons>
                    <person id='2'>Susan Martinez</person>
                </persons>
                <links></links>
                <attachments></attachments>
            </event>
            <event guid='04b44c02-7d06-5e80-9408-ffbba3f48acf' id='2'>
                <date>2022-09-06T11:30:00+02:00</date>
                <start>11:30</start>
                <duration>01:30</duration>
                <room>Dark Red Room</room>
                <slug>democon-2-visionary-mission-critical-toolset</slug>
                <url>http://localhost/democon/talk/P3VPFD/</url>
                <recording>
                    <license></license>
                    <optout>false</optout>
                </recording>
                <title>Visionary mission-critical toolset</title>
                <subtitle></subtitle>
                <track>Multi-lateral</track>
                <type>Workshop</type>
                <language>en</language>
                <abstract>Transition vertical networks!</abstract>
                <description>City several book class buy. General enjoy only news. Goal sea of seven magazine five.</description>
                <logo></logo>
                <persons>
                    <person id='3'>Samuel Williams</person>
                </persons>
                <links></links>
                <attachments></attachments>
            </event>
            <event guid='19060c2c-8d8c-5a36-82b7-86e7d0580026' id='6'>
                <date>2022-09-06T14:00:00+02:00</date>
                <start>14:00</start>
                <duration>01:30</duration>
                <room>Dark Red Room</room>
                <slug>democon-6-re-contextualized-asynchronous-success</slug>
                <url>http://localhost/democon/talk/Y7TNXH/</url>
                <recording>
                    <license></license>
                    <optout>false</optout>
                </recording>
                <title>Re-contextualized asynchronous success</title>
                <subtitle></subtitle>
                <track>Multi-lateral</track>
                <type>Workshop</type>
                <language>en</language>
                <abstract>Leverage b2b applications!</abstract>
                <description>Way plan necessary time choice measure. Wonder doctor up practice. Full choice establish out factor serious room. Recently focus else.</description>
                <logo></logo>
                <persons>
                    <person id='7'>Cameron Barnett</person>
                </persons>
                <links></links>
                <attachments></attachments>
            </event>
            
        </room>
        <room name='Pale Golden Rod Room'>
            <event guid='b1bd3a4d-f358-522b-99ca-ca8b68330411' id='7'>
                <date>2022-09-06T02:40:00+02:00</date>
                <start>02:40</start>
                <duration>00:45</duration>
                <room>Pale Golden Rod Room</room>
                <slug>democon-7-optional-bifurcated-attitude</slug>
                <url>http://localhost/democon/talk/CAXE7R/</url>
                <recording>
                    <license></license>
                    <optout>false</optout>
                </recording>
                <title>Optional bifurcated attitude</title>
                <subtitle></subtitle>
                <track>Organic</track>
                <type>Talk</type>
                <language>en</language>
                <abstract>Incentivize b2b info-mediaries!</abstract>
                <description>Up another worker positive financial. Station ten exactly top majority final yourself.</description>
                <logo></logo>
                <persons>
                    <person id='8'>Martin Baker</person>
                </persons>
                <links></links>
                <attachments></attachments>
            </event>
            <event guid='15a69cba-93cf-5d4d-84d3-8eecac9a483a' id='8'>
                <date>2022-09-06T10:00:00+02:00</date>
                <start>10:00</start>
                <duration>00:50</duration>
                <room>Pale Golden Rod Room</room>
                <slug>democon-8-ergonomic-object-oriented-hub</slug>
                <url>http://localhost/democon/talk/GL7LRL/</url>
                <recording>
                    <license></license>
                    <optout>false</optout>
                </recording>
                <title>Ergonomic object-oriented hub</title>
                <subtitle></subtitle>
                <track>Multi-lateral</track>
                <type>Talk</type>
                <language>en</language>
                <abstract>Architect cross-platform infrastructures!</abstract>
                <description>Class lay avoid someone try law ground. Share option Republican out place behind at. Difficult great rich pass arm fact.</description>
                <logo></logo>
                <persons>
                    <person id='9'>Kimberly Smith</person>
                </persons>
                <links></links>
                <attachments></attachments>
            </event>
            <event guid='09bf5ba8-8d2e-5b2d-9b59-8083fc2900f2' id='10'>
                <date>2022-09-06T11:30:00+02:00</date>
                <start>11:30</start>
                <duration>01:05</duration>
                <room>Pale Golden Rod Room</room>
                <slug>democon-10-synchronized-disintermediate-support</slug>
                <url>http://localhost/democon/talk/DKLQ9G/</url>
                <recording>
                    <license></license>
                    <optout>false</optout>
                </recording>
                <title>Synchronized disintermediate support</title>
                <subtitle></subtitle>
                <track>Organic</track>
                <type>Talk</type>
                <language>en</language>
                <abstract>Morph turn-key content!</abstract>
                <description>Admit style finally later do. Decade officer choose six enjoy.
Apply source sell field rich sit determine. Commercial present impact I recent event. Four rich view away.</description>
                <logo></logo>
                <persons>
                    <person id='11'>Amy Perez</person>
                </persons>
                <links></links>
                <attachments></attachments>
            </event>
            <event guid='31133637-10db-5297-aa48-93ffd5543530' id='11'>
                <date>2022-09-06T12:00:00+02:00</date>
                <start>12:00</start>
                <duration>00:30</duration>
                <room>Pale Golden Rod Room</room>
                <slug>democon-11-managed-reciprocal-moratorium</slug>
                <url>http://localhost/democon/talk/Z3PTKX/</url>
                <recording>
                    <license></license>
                    <optout>false</optout>
                </recording>
                <title>Managed reciprocal moratorium</title>
                <subtitle></subtitle>
                <track>Right-sized</track>
                <type>Talk</type>
                <language>en</language>
                <abstract>Re-contextualize 24/365 channels!</abstract>
                <description>Professional more world would begin others any its. Yet issue heart bad.
Range sit grow democratic send listen bill. Model I involve fear anything suddenly bed.</description>
                <logo></logo>
                <persons>
                    <person id='12'>Brandy Mcclain</person>
                </persons>
                <links></links>
                <attachments></attachments>
            </event>
            <event guid='ad8e0aaa-7df5-5f95-8845-d943b3b02ec5' id='14'>
                <date>2022-09-06T12:30:00+02:00</date>
                <start>12:30</start>
                <duration>00:30</duration>
                <room>Pale Golden Rod Room</room>
                <slug>democon-14-up-sized-optimal-hardware</slug>
                <url>http://localhost/democon/talk/LNNGAM/</url>
                <recording>
                    <license></license>
                    <optout>false</optout>
                </recording>
                <title>Up-sized optimal hardware</title>
                <subtitle></subtitle>
                <track>Organic</track>
                <type>Talk</type>
                <language>en</language>
                <abstract>Productize compelling deliverables!</abstract>
                <description>Religious others lot end rest. Base consider month ready. Term TV since news agreement.
Treat section situation financial discover bar surface time. Write break price. Class win wide money scene.</description>
                <logo></logo>
                <persons>
                    <person id='12'>Brandy Mcclain</person><person id='15'>Christine Green</person>
                </persons>
                <links></links>
                <attachments></attachments>
            </event>
            <event guid='7ae72282-27c0-52c8-be93-fc680975a541' id='15'>
                <date>2022-09-06T14:00:00+02:00</date>
                <start>14:00</start>
                <duration>00:30</duration>
                <room>Pale Golden Rod Room</room>
                <slug>democon-15-polarized-asymmetric-open-system</slug>
                <url>http://localhost/democon/talk/ULTKVK/</url>
                <recording>
                    <license></license>
                    <optout>false</optout>
                </recording>
                <title>Polarized asymmetric open system</title>
                <subtitle></subtitle>
                <track>Mandatory</track>
                <type>Talk</type>
                <language>en</language>
                <abstract>Incentivize transparent functionalities!</abstract>
                <description>Scientist animal including production structure third claim. Left news film. Sort detail simple.
While avoid all line early black. Front explain itself civil conference agent.</description>
                <logo></logo>
                <persons>
                    <person id='16'>Tina Dawson</person>
                </persons>
                <links></links>
                <attachments></attachments>
            </event>
            <event guid='85b86ce8-3e8a-5c21-86c4-62a411edb98e' id='16'>
                <date>2022-09-06T14:30:00+02:00</date>
                <start>14:30</start>
                <duration>00:30</duration>
                <room>Pale Golden Rod Room</room>
                <slug>democon-16-fully-configurable-leadingedge-workforce</slug>
                <url>http://localhost/democon/talk/YFGXQV/</url>
                <recording>
                    <license></license>
                    <optout>false</optout>
                </recording>
                <title>Fully-configurable leadingedge workforce</title>
                <subtitle></subtitle>
                <track>Multi-lateral</track>
                <type>Talk</type>
                <language>en</language>
                <abstract>Expedite vertical schemas!</abstract>
                <description>Thank development little newspaper pressure could military. Edge simple media kitchen. Grow entire agency a.
Sure after ready. Analysis up suffer work age.</description>
                <logo></logo>
                <persons>
                    <person id='17'>Hannah Mccormick</person>
                </persons>
                <links></links>
                <attachments></attachments>
            </event>
            <event guid='46945f55-3ffa-5a9e-9bfd-812830d4e9db' id='20'>
                <date>2022-09-06T15:00:00+02:00</date>
                <start>15:00</start>
                <duration>00:30</duration>
                <room>Pale Golden Rod Room</room>
                <slug>democon-20-enhanced-next-generation-methodology</slug>
                <url>http://localhost/democon/talk/EXREM7/</url>
                <recording>
                    <license></license>
                    <optout>false</optout>
                </recording>
                <title>Enhanced next generation methodology</title>
                <subtitle></subtitle>
                <track>Multi-lateral</track>
                <type>Talk</type>
                <language>en</language>
                <abstract>Evolve granular interfaces!</abstract>
                <description>Team role white protect. Lead wrong major language. Wrong whether her really ground beyond.
Argue finally standard chance role. Page suddenly director more without size.</description>
                <logo></logo>
                <persons>
                    <person id='21'>Anthony Anthony</person>
                </persons>
                <links></links>
                <attachments></attachments>
            </event>
            
        </room>
        
    </day>
    <day index='2' date='2022-09-07' start='2022-09-07T04:00:00+02:00' end='2022-09-08T03:59:00+02:00'>
        <room name='Pale Golden Rod Room'>
            <event guid='7cb44ade-65bd-502b-af28-eeb358bc59d6' id='22'>
                <date>2022-09-07T09:00:00+02:00</date>
                <start>09:00</start>
                <duration>00:30</duration>
                <room>Pale Golden Rod Room</room>
                <slug>democon-22-reactive-intermediate-graphic-interface</slug>
                <url>http://localhost/democon/talk/ANTHYT/</url>
                <recording>
                    <license></license>
                    <optout>false</optout>
                </recording>
                <title>Reactive intermediate Graphic Interface</title>
                <subtitle></subtitle>
                <track>Multi-lateral</track>
                <type>Talk</type>
                <language>en</language>
                <abstract>Architect dot-com web-readiness!</abstract>
                <description>Blood plant prepare bank and great.
Conference citizen much scene. Avoid national significant require smile go. Total truth nothing participant threat activity. After method generation eight sister.</description>
                <logo></logo>
                <persons>
                    <person id='23'>Robert Williams</person>
                </persons>
                <links></links>
                <attachments></attachments>
            </event>
            <event guid='b3265667-c26c-5a16-b9a2-ff62e836e294' id='23'>
                <date>2022-09-07T09:30:00+02:00</date>
                <start>09:30</start>
                <duration>00:30</duration>
                <room>Pale Golden Rod Room</room>
                <slug>democon-23-organized-high-level-portal</slug>
                <url>http://localhost/democon/talk/A8Z9Z8/</url>
                <recording>
                    <license></license>
                    <optout>false</optout>
                </recording>
                <title>Organized high-level portal</title>
                <subtitle></subtitle>
                <track>Right-sized</track>
                <type>Talk</type>
                <language>en</language>
                <abstract>Whiteboard user-centric platforms!</abstract>
                <description>Here win pressure. Itself red study close.
Leader dark explain design whom. Car final himself whatever support. Say traditional mouth identify heavy example light.</description>
                <logo></logo>
                <persons>
                    <person id='24'>Rebecca Dennis</person>
                </persons>
                <links></links>
                <attachments></attachments>
            </event>
            <event guid='cc0a6d87-247c-5805-82d2-bb7d27c87352' id='25'>
                <date>2022-09-07T10:00:00+02:00</date>
                <start>10:00</start>
                <duration>00:30</duration>
                <room>Pale Golden Rod Room</room>
                <slug>democon-25-streamlined-real-time-database</slug>
                <url>http://localhost/democon/talk/NEBMUX/</url>
                <recording>
                    <license></license>
                    <optout>false</optout>
                </recording>
                <title>Streamlined real-time database</title>
                <subtitle></subtitle>
                <track>Multi-lateral</track>
                <type>Talk</type>
                <language>en</language>
                <abstract>Engage impactful networks!</abstract>
                <description>Beat station mean those wonder. Mission peace on commercial. Oil you feel dinner threat lose full.
Order campaign professional analysis list. Real student reflect talk check full.</description>
                <logo></logo>
                <persons>
                    <person id='26'>Alison Scott</person>
                </persons>
                <links></links>
                <attachments></attachments>
            </event>
            <event guid='c9f9d1ba-49bd-5602-a879-64181be8d3be' id='26'>
                <date>2022-09-07T11:30:00+02:00</date>
                <start>11:30</start>
                <duration>00:30</duration>
                <room>Pale Golden Rod Room</room>
                <slug>democon-26-stand-alone-modular-interface</slug>
                <url>http://localhost/democon/talk/EXK7FR/</url>
                <recording>
                    <license></license>
                    <optout>false</optout>
                </recording>
                <title>Stand-alone modular interface</title>
                <subtitle></subtitle>
                <track>Organic</track>
                <type>Talk</type>
                <language>en</language>
                <abstract>Brand plug-and-play roi!</abstract>
                <description>Per happen think hit wear. He onto very mission success who and middle.</description>
                <logo></logo>
                <persons>
                    <person id='27'>Travis Gonzalez</person>
                </persons>
                <links></links>
                <attachments></attachments>
            </event>
            <event guid='e14dbc10-1b4c-598d-8778-c84767de0514' id='27'>
                <date>2022-09-07T12:00:00+02:00</date>
                <start>12:00</start>
                <duration>00:30</duration>
                <room>Pale Golden Rod Room</room>
                <slug>democon-27-monitored-non-volatile-matrix</slug>
                <url>http://localhost/democon/talk/D7CJ3Q/</url>
                <recording>
                    <license></license>
                    <optout>false</optout>
                </recording>
                <title>Monitored non-volatile matrix</title>
                <subtitle></subtitle>
                <track>Multi-lateral</track>
                <type>Talk</type>
                <language>en</language>
                <abstract>Strategize innovative networks!</abstract>
                <description>Head gas remember senior their. Owner also laugh box. Explain although specific.</description>
                <logo></logo>
                <persons>
                    <person id='28'>Mark Hooper</person>
                </persons>
                <links></links>
                <attachments></attachments>
            </event>
            <event guid='4e013ec0-e0fc-5854-8f41-423c17e89479' id='33'>
                <date>2022-09-07T12:30:00+02:00</date>
                <start>12:30</start>
                <duration>00:30</duration>
                <room>Pale Golden Rod Room</room>
                <slug>democon-33-up-sized-directional-synergy</slug>
                <url>http://localhost/democon/talk/AHQQNA/</url>
                <recording>
                    <license></license>
                    <optout>false</optout>
                </recording>
                <title>Up-sized directional synergy</title>
                <subtitle></subtitle>
                <track>Organic</track>
                <type>Talk</type>
                <language>en</language>
                <abstract>Expedite 24/7 relationships!</abstract>
                <description>Good military reason suffer amount current reality. Later teach reduce keep appear other cause despite.
Range they growth. Leg world control in science collection.</description>
                <logo></logo>
                <persons>
                    <person id='34'>Warren Fisher</person>
                </persons>
                <links></links>
                <attachments></attachments>
            </event>
            <event guid='5efbb270-efe0-51fb-9805-b394d9c57d88' id='38'>
                <date>2022-09-07T14:00:00+02:00</date>
                <start>14:00</start>
                <duration>00:30</duration>
                <room>Pale Golden Rod Room</room>
                <slug>democon-38-future-proofed-mission-critical-utilization</slug>
                <url>http://localhost/democon/talk/KMRBRM/</url>
                <recording>
                    <license></license>
                    <optout>false</optout>
                </recording>
                <title>Future-proofed mission-critical utilization</title>
                <subtitle></subtitle>
                <track>Right-sized</track>
                <type>Talk</type>
                <language>en</language>
                <abstract>Integrate wireless initiatives!</abstract>
                <description>Other respond account list. Far attack size clearly source camera personal election.
Machine much but response grow. When may any fund certainly. Pattern that follow feeling number.</description>
                <logo></logo>
                <persons>
                    <person id='39'>Dennis Jones</person>
                </persons>
                <links></links>
                <attachments></attachments>
            </event>
            <event guid='0f688879-1277-5173-a6bb-cf13652f0a95' id='39'>
                <date>2022-09-07T14:30:00+02:00</date>
                <start>14:30</start>
                <duration>00:30</duration>
                <room>Pale Golden Rod Room</room>
                <slug>democon-39-organic-optimal-hardware</slug>
                <url>http://localhost/democon/talk/PA8TER/</url>
                <recording>
                    <license></license>
                    <optout>false</optout>
                </recording>
                <title>Organic optimal hardware</title>
                <subtitle></subtitle>
                <track>Multi-lateral</track>
                <type>Talk</type>
                <language>en</language>
                <abstract>Synergize next-generation models!</abstract>
                <description>West you if other share raise wall magazine. Realize must book manager security a rest country. Movie catch result score threat hit more.
Woman no up common good. Throw without quite thousand end.</description>
                <logo></logo>
                <persons>
                    <person id='40'>Pamela Bentley</person>
                </persons>
                <links></links>
                <attachments></attachments>
            </event>
            <event guid='babc8781-a289-5bc3-9442-4f78d40acc9b' id='40'>
                <date>2022-09-07T15:00:00+02:00</date>
                <start>15:00</start>
                <duration>00:30</duration>
                <room>Pale Golden Rod Room</room>
                <slug>democon-40-self-enabling-3rdgeneration-matrix</slug>
                <url>http://localhost/democon/talk/GXGWJ8/</url>
                <recording>
                    <license></license>
                    <optout>false</optout>
                </recording>
                <title>Self-enabling 3rdgeneration matrix</title>
                <subtitle></subtitle>
                <track>Multi-lateral</track>
                <type>Talk</type>
                <language>en</language>
                <abstract>Utilize bricks-and-clicks bandwidth!</abstract>
                <description>Move enter various economy skin class and.
Movement whether green senior operation attack. Forward news actually card.</description>
                <logo></logo>
                <persons>
                    <person id='41'>Karen Clayton</person>
                </persons>
                <links></links>
                <attachments></attachments>
            </event>
            
        </room>
        <room name='Dark Red Room'>
            <event guid='001e2da2-38ea-55a4-94b7-573ad2001095' id='18'>
                <date>2022-09-07T09:00:00+02:00</date>
                <start>09:00</start>
                <duration>01:30</duration>
                <room>Dark Red Room</room>
                <slug>democon-18-horizontal-didactic-methodology</slug>
                <url>http://localhost/democon/talk/3J9C7D/</url>
                <recording>
                    <license></license>
                    <optout>false</optout>
                </recording>
                <title>Horizontal didactic methodology</title>
                <subtitle></subtitle>
                <track>Mandatory</track>
                <type>Workshop</type>
                <language>en</language>
                <abstract>Syndicate end-to-end deliverables!</abstract>
                <description>Record heavy way control dream. Near charge add most rise between cell. Hope government training dark.
Father decade that west age kid friend. Sort course treatment.</description>
                <logo></logo>
                <persons>
                    <person id='19'>Alicia Vincent</person>
                </persons>
                <links></links>
                <attachments></attachments>
            </event>
            <event guid='078a969d-7051-5e2a-9b39-c09dcec5352c' id='24'>
                <date>2022-09-07T11:30:00+02:00</date>
                <start>11:30</start>
                <duration>01:30</duration>
                <room>Dark Red Room</room>
                <slug>democon-24-ameliorated-directional-toolset</slug>
                <url>http://localhost/democon/talk/WNLB3L/</url>
                <recording>
                    <license></license>
                    <optout>false</optout>
                </recording>
                <title>Ameliorated directional toolset</title>
                <subtitle></subtitle>
                <track>Multi-lateral</track>
                <type>Workshop</type>
                <language>en</language>
                <abstract>Streamline compelling e-tailers!</abstract>
                <description>Too trouble bad role speak man. Mother TV let ready.
Lot return likely traditional sister answer give. Check continue laugh job same issue. Factor small draw budget.</description>
                <logo></logo>
                <persons>
                    <person id='25'>Tina Palmer MD</person>
                </persons>
                <links></links>
                <attachments></attachments>
            </event>
            <event guid='68c85643-7895-5177-a4bb-c19f64188e0b' id='36'>
                <date>2022-09-07T14:00:00+02:00</date>
                <start>14:00</start>
                <duration>01:30</duration>
                <room>Dark Red Room</room>
                <slug>democon-36-secured-composite-protocol</slug>
                <url>http://localhost/democon/talk/7MNTUC/</url>
                <recording>
                    <license></license>
                    <optout>false</optout>
                </recording>
                <title>Secured composite protocol</title>
                <subtitle></subtitle>
                <track>Mandatory</track>
                <type>Workshop</type>
                <language>en</language>
                <abstract>Grow interactive users!</abstract>
                <description>Oil whose role billion read.
Field force become vote collection some.
Break provide four soldier. Surface against carry certainly operation foot. While finally source meeting subject.</description>
                <logo></logo>
                <persons>
                    <person id='37'>Jesus Lopez</person>
                </persons>
                <links></links>
                <attachments></attachments>
            </event>
            
        </room>
        
    </day>
    <day index='3' date='2022-09-08' start='2022-09-08T04:00:00+02:00' end='2022-09-09T03:59:00+02:00'>
        <room name='Pale Golden Rod Room'>
            <event guid='cf4fc71a-88ee-570c-9816-1d4239fe81a9' id='52'>
                <date>2022-09-08T09:00:00+02:00</date>
                <start>09:00</start>
                <duration>00:30</duration>
                <room>Pale Golden Rod Room</room>
                <slug>democon-52-fully-configurable-eco-centric-customer-loyalty</slug>
                <url>http://localhost/democon/talk/SDHETA/</url>
                <recording>
                    <license></license>
                    <optout>false</optout>
                </recording>
                <title>Fully-configurable eco-centric customer loyalty</title>
                <subtitle></subtitle>
                <track>Mandatory</track>
                <type>Talk</type>
                <language>en</language>
                <abstract>Aggregate compelling metrics!</abstract>
                <description>Ground support huge candidate protect decide strong. Far environment prepare class card law.
Political tax from exist. Practice radio half believe window crime value.</description>
                <logo></logo>
                <persons>
                    <person id='35'>Emily Mckenzie</person>
                </persons>
                <links></links>
                <attachments></attachments>
            </event>
            <event guid='162921eb-2d9c-57d2-8cfe-25c5ca19a718' id='62'>
                <date>2022-09-08T09:30:00+02:00</date>
                <start>09:30</start>
                <duration>00:30</duration>
                <room>Pale Golden Rod Room</room>
                <slug>democon-62-inverse-maximized-budgetary-management</slug>
                <url>http://localhost/democon/talk/WWGQBA/</url>
                <recording>
                    <license></license>
                    <optout>false</optout>
                </recording>
                <title>Inverse maximized budgetary management</title>
                <subtitle></subtitle>
                <track>Organic</track>
                <type>Talk</type>
                <language>en</language>
                <abstract>Mesh customized eyeballs!</abstract>
                <description>Mother woman example audience general.
Into analysis former buy country yet require people. Keep able should center. Million trouble live do charge.</description>
                <logo></logo>
                <persons>
                    <person id='2'>Susan Martinez</person>
                </persons>
                <links></links>
                <attachments></attachments>
            </event>
            <event guid='820a7857-0a0d-5fbf-b2d2-ab33df2a1edb' id='63'>
                <date>2022-09-08T10:00:00+02:00</date>
                <start>10:00</start>
                <duration>00:30</duration>
                <room>Pale Golden Rod Room</room>
                <slug>democon-63-automated-didactic-extranet</slug>
                <url>http://localhost/democon/talk/A97FYC/</url>
                <recording>
                    <license></license>
                    <optout>false</optout>
                </recording>
                <title>Automated didactic extranet</title>
                <subtitle></subtitle>
                <track>Right-sized</track>
                <type>Talk</type>
                <language>en</language>
                <abstract>Deploy out-of-the-box markets!</abstract>
                <description>West size successful though. Too involve direction thing however course experience.
Everyone my record who. She if yourself role economic. Old big lead true issue four.</description>
                <logo></logo>
                <persons>
                    <person id='30'>Valerie Schneider</person>
                </persons>
                <links></links>
                <attachments></attachments>
            </event>
            <event guid='3b4e4f4e-9c38-50ed-b4d4-cda43c565755' id='68'>
                <date>2022-09-08T11:30:00+02:00</date>
                <start>11:30</start>
                <duration>00:30</duration>
                <room>Pale Golden Rod Room</room>
                <slug>democon-68-customer-focused-global-neural-net</slug>
                <url>http://localhost/democon/talk/KTP8GR/</url>
                <recording>
                    <license></license>
                    <optout>true</optout>
                </recording>
                <title>Customer-focused global neural-net</title>
                <subtitle></subtitle>
                <track>Organic</track>
                <type>Talk</type>
                <language>en</language>
                <abstract>Re-intermediate customized e-tailers!</abstract>
                <description>Room know large imagine very TV health threat.
His major especially look feeling. Would require indeed total group. Arrive campaign common. Coach drop our serious realize.</description>
                <logo></logo>
                <persons>
                    <person id='5'>Gregory Smith</person>
                </persons>
                <links></links>
                <attachments></attachments>
            </event>
            <event guid='64642a18-d92e-5206-9f32-e5d4e27b1ddb' id='70'>
                <date>2022-09-08T12:00:00+02:00</date>
                <start>12:00</start>
                <duration>00:30</duration>
                <room>Pale Golden Rod Room</room>
                <slug>democon-70-extended-demand-driven-synergy</slug>
                <url>http://localhost/democon/talk/AZDVFL/</url>
                <recording>
                    <license></license>
                    <optout>false</optout>
                </recording>
                <title>Extended demand-driven synergy</title>
                <subtitle></subtitle>
                <track>Mandatory</track>
                <type>Talk</type>
                <language>en</language>
                <abstract>Target customized deliverables!</abstract>
                <description>Worry still she. Wide meet inside left no. Change letter after next loss executive them.
Quite value man sense throughout. No like peace Congress near one.</description>
                <logo></logo>
                <persons>
                    <person id='38'>Tiffany Rodriguez</person>
                </persons>
                <links></links>
                <attachments></attachments>
            </event>
            <event guid='c7c95590-fe13-5845-996e-4287844302b9' id='71'>
                <date>2022-09-08T12:30:00+02:00</date>
                <start>12:30</start>
                <duration>00:30</duration>
                <room>Pale Golden Rod Room</room>
                <slug>democon-71-multi-channeled-modular-secured-line</slug>
                <url>http://localhost/democon/talk/UG9YZ8/</url>
                <recording>
                    <license></license>
                    <optout>false</optout>
                </recording>
                <title>Multi-channeled modular secured line</title>
                <subtitle></subtitle>
                <track>Organic</track>
                <type>Talk</type>
                <language>en</language>
                <abstract>Matrix visionary communities!</abstract>
                <description>High big act magazine. Develop last far.
Music cover executive reality ok meeting us.
Big option project figure hot democratic scientist. Week ground white test want past.</description>
                <logo></logo>
                <persons>
                    <person id='22'>Erica Banks</person>
                </persons>
                <links></links>
                <attachments></attachments>
            </event>
            <event guid='749755cf-e593-5cd5-9f5c-4aa6faf279cc' id='74'>
                <date>2022-09-08T14:00:00+02:00</date>
                <start>14:00</start>
                <duration>00:30</duration>
                <room>Pale Golden Rod Room</room>
                <slug>democon-74-balanced-demand-driven-graphical-user-interface</slug>
                <url>http://localhost/democon/talk/8GXXJZ/</url>
                <recording>
                    <license></license>
                    <optout>false</optout>
                </recording>
                <title>Balanced demand-driven Graphical User Interface</title>
                <subtitle></subtitle>
                <track>Multi-lateral</track>
                <type>Talk</type>
                <language>en</language>
                <abstract>Implement vertical portals!</abstract>
                <description>Many before no student many special participant bit. Wish later huge just buy himself. Century form bad owner how easy big nothing. Citizen work act give morning.</description>
                <logo></logo>
                <persons>
                    <person id='10'>Tommy Baker</person>
                </persons>
                <links></links>
                <attachments></attachments>
            </event>
            <event guid='943841e3-d2c6-5db2-9b2d-622ae2bb3e33' id='75'>
                <date>2022-09-08T14:30:00+02:00</date>
                <start>14:30</start>
                <duration>00:30</duration>
                <room>Pale Golden Rod Room</room>
                <slug>democon-75-automated-incremental-installation</slug>
                <url>http://localhost/democon/talk/7RDHES/</url>
                <recording>
                    <license></license>
                    <optout>false</optout>
                </recording>
                <title>Automated incremental installation</title>
                <subtitle></subtitle>
                <track>Multi-lateral</track>
                <type>Talk</type>
                <language>en</language>
                <abstract>Orchestrate user-centric info-mediaries!</abstract>
                <description>Light show hour election road. Number subject today.
Dream guy give or. Why discuss worry green education character too happy. Amount open middle shake home material. What already security base.</description>
                <logo></logo>
                <persons>
                    <person id='6'>Haley Holder</person>
                </persons>
                <links></links>
                <attachments></attachments>
            </event>
            <event guid='a2d6d137-6f64-539e-9144-ba6879a3267c' id='77'>
                <date>2022-09-08T15:00:00+02:00</date>
                <start>15:00</start>
                <duration>00:30</duration>
                <room>Pale Golden Rod Room</room>
                <slug>democon-77-fully-configurable-multimedia-strategy</slug>
                <url>http://localhost/democon/talk/TSDZAK/</url>
                <recording>
                    <license></license>
                    <optout>false</optout>
                </recording>
                <title>Fully-configurable multimedia strategy</title>
                <subtitle></subtitle>
                <track>Mandatory</track>
                <type>Talk</type>
                <language>en</language>
                <abstract>Incubate scalable interfaces!</abstract>
                <description>Once even sense impact their. Rock region them become final certainly might.
International pay surface fall. Guess clear position. Ball author blue reason deal case air again.</description>
                <logo></logo>
                <persons>
                    <person id='5'>Gregory Smith</person>
                </persons>
                <links></links>
                <attachments></attachments>
            </event>
            
        </room>
        <room name='Dark Red Room'>
            <event guid='e5003308-cb31-575d-a577-9e93093ff331' id='41'>
                <date>2022-09-08T09:00:00+02:00</date>
                <start>09:00</start>
                <duration>01:30</duration>
                <room>Dark Red Room</room>
                <slug>democon-41-adaptive-logistical-framework</slug>
                <url>http://localhost/democon/talk/87CHNK/</url>
                <recording>
                    <license></license>
                    <optout>false</optout>
                </recording>
                <title>Adaptive logistical framework</title>
                <subtitle></subtitle>
                <track>Mandatory</track>
                <type>Workshop</type>
                <language>en</language>
                <abstract>Innovate web-enabled e-services!</abstract>
                <description>Will campaign true. Task later similar hospital positive fear admit star. Amount structure smile character first. Second save maintain.</description>
                <logo></logo>
                <persons>
                    <person id='42'>Stephen Howard</person>
                </persons>
                <links></links>
                <attachments></attachments>
            </event>
            <event guid='c52c4b3e-d1e7-5ef6-9f19-5f3e3fdda36f' id='47'>
                <date>2022-09-08T11:30:00+02:00</date>
                <start>11:30</start>
                <duration>01:30</duration>
                <room>Dark Red Room</room>
                <slug>democon-47-advanced-3rdgeneration-graphic-interface</slug>
                <url>http://localhost/democon/talk/P3G8AH/</url>
                <recording>
                    <license></license>
                    <optout>false</optout>
                </recording>
                <title>Advanced 3rdgeneration Graphic Interface</title>
                <subtitle></subtitle>
                <track>Multi-lateral</track>
                <type>Workshop</type>
                <language>en</language>
                <abstract>Embrace best-of-breed solutions!</abstract>
                <description>Land body maintain Mrs current performance miss black. Run tax challenge something peace.
Take international point their. Window court reduce actually material member. Suffer job moment bill.</description>
                <logo></logo>
                <persons>
                    <person id='10'>Tommy Baker</person>
                </persons>
                <links></links>
                <attachments></attachments>
            </event>
            <event guid='86ea5c69-0eee-5a85-8746-69b12c6594b5' id='72'>
                <date>2022-09-08T14:00:00+02:00</date>
                <start>14:00</start>
                <duration>01:30</duration>
                <room>Dark Red Room</room>
                <slug>democon-72-self-enabling-disintermediate-core</slug>
                <url>http://localhost/democon/talk/PDXGKB/</url>
                <recording>
                    <license></license>
                    <optout>false</optout>
                </recording>
                <title>Self-enabling disintermediate core</title>
                <subtitle></subtitle>
                <track>Multi-lateral</track>
                <type>Workshop</type>
                <language>en</language>
                <abstract>Transform bleeding-edge infrastructures!</abstract>
                <description>Indeed all wide she. Cause owner interview too. Participant doctor against least herself million.</description>
                <logo></logo>
                <persons>
                    <person id='6'>Haley Holder</person>
                </persons>
                <links></links>
                <attachments></attachments>
            </event>
            
        </room>
        
    </day>
    
</schedule>
