<?xml version='1.0' encoding='utf-8' ?>
<!-- Made with love by pretalx v2.3.1. -->
<schedule>
    <generator name="pretalx" version="2.3.1" />
    <version>v1.10</version>
    <conference>
        <acronym>democon</acronym>
        <title>DemoCon</title>
        <start>2022-09-26</start>
        <end>2022-09-28</end>
        <days>3</days>
        <timeslot_duration>00:05</timeslot_duration>
        <base_url>https://cfp.wearemillions.online/democon/schedule/</base_url>
        <time_zone_name>Europe/Berlin</time_zone_name>
    </conference>
    <day index='1' date='2022-09-26' start='2022-09-26T04:00:00+02:00' end='2022-09-27T03:59:00+02:00'>
        <room name='White Room'>
            <event guid='cdca4946-d7a8-54c5-af8a-03e7e7f45273' id='1'>
                <date>2022-09-26T09:00:00+02:00</date>
                <start>09:00</start>
                <duration>00:30</duration>
                <room>White Room</room>
                <slug>democon-1-enterprise-wide-transitional-focus-group</slug>
                <url>https://cfp.wearemillions.online/democon/talk/KEPZGG/</url>
                <recording>
                    <license></license>
                    <optout>false</optout>
                </recording>
                <title>Enterprise-wide transitional focus group</title>
                <subtitle></subtitle>
                <track>Networked</track>
                <type>Talk</type>
                <language>en</language>
                <abstract>Architect proactive communities!</abstract>
                <description>Require size leave various. Boy result laugh remember analysis machine vote. List happy authority month measure. Resource anything ever decision arrive he recognize.</description>
                <logo></logo>
                <persons>
                    <person id='2'>Matthew Rhodes</person>
                </persons>
                <links></links>
                <attachments></attachments>
            </event>
            <event guid='bb980139-2e3c-52b2-96e2-722f56d27179' id='4'>
                <date>2022-09-26T09:30:00+02:00</date>
                <start>09:30</start>
                <duration>00:30</duration>
                <room>White Room</room>
                <slug>democon-4-advanced-intermediate-frame</slug>
                <url>https://cfp.wearemillions.online/democon/talk/KVV9SM/</url>
                <recording>
                    <license></license>
                    <optout>false</optout>
                </recording>
                <title>Advanced intermediate frame</title>
                <subtitle></subtitle>
                <track>Virtual</track>
                <type>Talk</type>
                <language>en</language>
                <abstract>Innovate interactive mindshare!</abstract>
                <description>Would former town past. Place agency prove for call window. Surface subject worker dog agree fear.
Production list young treat understand. Baby short rise nothing few fire. Record artist yard.</description>
                <logo></logo>
                <persons>
                    <person id='5'>James Boone</person><person id='28'>Alexandra Hood</person>
                </persons>
                <links></links>
                <attachments></attachments>
            </event>
            <event guid='e11ce7a4-ec80-54b5-acec-f085cdd600b7' id='5'>
                <date>2022-09-26T10:00:00+02:00</date>
                <start>10:00</start>
                <duration>00:30</duration>
                <room>White Room</room>
                <slug>democon-5-polarized-national-hardware</slug>
                <url>https://cfp.wearemillions.online/democon/talk/MFJWTK/</url>
                <recording>
                    <license></license>
                    <optout>true</optout>
                </recording>
                <title>Polarized national hardware</title>
                <subtitle></subtitle>
                <track>Business-focused</track>
                <type>Talk</type>
                <language>en</language>
                <abstract>Cultivate strategic web services!</abstract>
                <description>Through million write shake want enter man. Now require relate structure.
Suggest relate executive body worker office. Choice eye hear form. Chance fear team cost close season.</description>
                <logo></logo>
                <persons>
                    <person id='6'>Megan Moses</person>
                </persons>
                <links></links>
                <attachments></attachments>
            </event>
            <event guid='31c2a647-ec85-5c00-a9c7-89d852cd43f2' id='8'>
                <date>2022-09-26T11:30:00+02:00</date>
                <start>11:30</start>
                <duration>00:30</duration>
                <room>White Room</room>
                <slug>democon-8-customizable-logistical-capacity</slug>
                <url>https://cfp.wearemillions.online/democon/talk/RJ3UC9/</url>
                <recording>
                    <license></license>
                    <optout>false</optout>
                </recording>
                <title>Customizable logistical capacity</title>
                <subtitle></subtitle>
                <track>Business-focused</track>
                <type>Talk</type>
                <language>en</language>
                <abstract>Transition revolutionary web services!</abstract>
                <description>Center glass put eight several our later walk. Level executive sometimes admit. Training every shoulder my arm explain produce husband.</description>
                <logo></logo>
                <persons>
                    <person id='9'>Thomas Kelly</person>
                </persons>
                <links></links>
                <attachments></attachments>
            </event>
            <event guid='e5610065-bfe8-5d3c-bb1b-36e22ac27b68' id='9'>
                <date>2022-09-26T12:00:00+02:00</date>
                <start>12:00</start>
                <duration>00:30</duration>
                <room>White Room</room>
                <slug>democon-9-extended-upward-trending-data-warehouse</slug>
                <url>https://cfp.wearemillions.online/democon/talk/FT8CCE/</url>
                <recording>
                    <license></license>
                    <optout>false</optout>
                </recording>
                <title>Extended upward-trending data-warehouse</title>
                <subtitle></subtitle>
                <track>Persistent</track>
                <type>Talk</type>
                <language>en</language>
                <abstract>E-enable clicks-and-mortar bandwidth!</abstract>
                <description>Technology civil sense drive many think window half. Financial few usually build recently act. Maybe occur part history seek go tree.</description>
                <logo></logo>
                <persons>
                    <person id='10'>Christina Neal</person>
                </persons>
                <links></links>
                <attachments></attachments>
            </event>
            <event guid='c1c4dc16-cc41-527f-be48-a958fce65bab' id='10'>
                <date>2022-09-26T12:30:00+02:00</date>
                <start>12:30</start>
                <duration>00:30</duration>
                <room>White Room</room>
                <slug>democon-10-devolved-hybrid-artificial-intelligence</slug>
                <url>https://cfp.wearemillions.online/democon/talk/UKNPKR/</url>
                <recording>
                    <license></license>
                    <optout>false</optout>
                </recording>
                <title>Devolved hybrid artificial intelligence</title>
                <subtitle></subtitle>
                <track>Multi-tiered</track>
                <type>Talk</type>
                <language>en</language>
                <abstract>Aggregate front-end portals!</abstract>
                <description>Scene stop value response. Room protect finish base. Rest our say open become positive very usually. Skill police visit section amount production.</description>
                <logo></logo>
                <persons>
                    <person id='11'>Christopher Atkins</person>
                </persons>
                <links></links>
                <attachments></attachments>
            </event>
            <event guid='4821bedc-dad4-5421-9b25-634b2a67e4f0' id='11'>
                <date>2022-09-26T14:00:00+02:00</date>
                <start>14:00</start>
                <duration>00:30</duration>
                <room>White Room</room>
                <slug>democon-11-future-proofed-non-volatile-hierarchy</slug>
                <url>https://cfp.wearemillions.online/democon/talk/BAZHFR/</url>
                <recording>
                    <license></license>
                    <optout>false</optout>
                </recording>
                <title>Future-proofed non-volatile hierarchy</title>
                <subtitle></subtitle>
                <track>Multi-tiered</track>
                <type>Talk</type>
                <language>en</language>
                <abstract>Architect plug-and-play e-markets!</abstract>
                <description>Force mouth themselves wait. Word be since offer activity contain month. Range drive usually machine weight serious our.
Vote catch so American open present image throughout.</description>
                <logo></logo>
                <persons>
                    <person id='12'>Patricia Miller</person>
                </persons>
                <links></links>
                <attachments></attachments>
            </event>
            <event guid='77bc6fe1-98fc-5109-b9fc-f522bdd7be34' id='13'>
                <date>2022-09-26T14:30:00+02:00</date>
                <start>14:30</start>
                <duration>00:30</duration>
                <room>White Room</room>
                <slug>democon-13-user-centric-content-based-standardization</slug>
                <url>https://cfp.wearemillions.online/democon/talk/C3ZFHA/</url>
                <recording>
                    <license></license>
                    <optout>false</optout>
                </recording>
                <title>User-centric content-based standardization</title>
                <subtitle></subtitle>
                <track>Business-focused</track>
                <type>Talk</type>
                <language>en</language>
                <abstract>Reinvent intuitive convergence!</abstract>
                <description>Account bad toward phone. Time amount event company. Respond expect staff with crime forward. Less ever thousand pay government despite head.</description>
                <logo></logo>
                <persons>
                    <person id='14'>Lindsey Walter</person><person id='50'>Joseph Bailey</person>
                </persons>
                <links></links>
                <attachments></attachments>
            </event>
            <event guid='263394f6-c92d-592a-b6a2-de2660fd762b' id='15'>
                <date>2022-09-26T15:00:00+02:00</date>
                <start>15:00</start>
                <duration>00:30</duration>
                <room>White Room</room>
                <slug>democon-15-decentralized-regional-extranet</slug>
                <url>https://cfp.wearemillions.online/democon/talk/URBH7V/</url>
                <recording>
                    <license></license>
                    <optout>false</optout>
                </recording>
                <title>Decentralized regional extranet</title>
                <subtitle></subtitle>
                <track>Virtual</track>
                <type>Talk</type>
                <language>en</language>
                <abstract>Innovate holistic mindshare!</abstract>
                <description>Bar imagine town herself maintain although strong. Century happen religious technology. Almost local seat less heavy.
Tell student science. Difficult inside very consider thousand performance wonder.</description>
                <logo></logo>
                <persons>
                    <person id='16'>Kelly Jimenez</person>
                </persons>
                <links></links>
                <attachments></attachments>
            </event>
            
        </room>
        <room name='Slate Gray Room'>
            <event guid='833fce09-dcad-58ff-8429-b27e35fa7743' id='14'>
                <date>2022-09-26T09:00:00+02:00</date>
                <start>09:00</start>
                <duration>01:30</duration>
                <room>Slate Gray Room</room>
                <slug>democon-14-progressive-heuristic-project</slug>
                <url>https://cfp.wearemillions.online/democon/talk/7GFUFN/</url>
                <recording>
                    <license></license>
                    <optout>false</optout>
                </recording>
                <title>Progressive heuristic project</title>
                <subtitle></subtitle>
                <track>Networked</track>
                <type>Workshop</type>
                <language>en</language>
                <abstract>Drive rich networks!</abstract>
                <description>Health use level meet technology. Situation behind away fly property good.
Contain ground simply. Wear improve whom. Year son bank compare heart.</description>
                <logo></logo>
                <persons>
                    <person id='15'>Lonnie Owen</person>
                </persons>
                <links></links>
                <attachments></attachments>
            </event>
            <event guid='acf6248d-9792-5bb6-af4c-76c575c9124d' id='18'>
                <date>2022-09-26T11:30:00+02:00</date>
                <start>11:30</start>
                <duration>01:30</duration>
                <room>Slate Gray Room</room>
                <slug>democon-18-advanced-mission-critical-internet-solution</slug>
                <url>https://cfp.wearemillions.online/democon/talk/WTQH8E/</url>
                <recording>
                    <license></license>
                    <optout>false</optout>
                </recording>
                <title>Advanced mission-critical Internet solution</title>
                <subtitle></subtitle>
                <track>Virtual</track>
                <type>Workshop</type>
                <language>en</language>
                <abstract>Monetize turn-key applications!</abstract>
                <description>Identify general those thank arrive. Trouble sound hair dog compare analysis.
Explain list teach face collection road whether. Should else cut nearly admit moment heavy.</description>
                <logo></logo>
                <persons>
                    <person id='19'>Brian Klein</person>
                </persons>
                <links></links>
                <attachments></attachments>
            </event>
            <event guid='26133cf1-3b52-5b36-9d21-4ea9491b19c4' id='31'>
                <date>2022-09-26T14:00:00+02:00</date>
                <start>14:00</start>
                <duration>01:30</duration>
                <room>Slate Gray Room</room>
                <slug>democon-31-re-engineered-systematic-application</slug>
                <url>https://cfp.wearemillions.online/democon/talk/LC7EVM/</url>
                <recording>
                    <license></license>
                    <optout>true</optout>
                </recording>
                <title>Re-engineered systematic application</title>
                <subtitle></subtitle>
                <track>Business-focused</track>
                <type>Workshop</type>
                <language>en</language>
                <abstract>Engage dot-com eyeballs!</abstract>
                <description>Black grow many region. Statement message evidence far parent concern lead. Particular throughout drive term national.</description>
                <logo></logo>
                <persons>
                    <person id='32'>Charles Owens</person>
                </persons>
                <links></links>
                <attachments></attachments>
            </event>
            
        </room>
        
    </day>
    <day index='2' date='2022-09-27' start='2022-09-27T04:00:00+02:00' end='2022-09-28T03:59:00+02:00'>
        <room name='White Room'>
            <event guid='30383d6b-45b5-5572-8d2b-2985380be3f9' id='16'>
                <date>2022-09-27T09:00:00+02:00</date>
                <start>09:00</start>
                <duration>00:30</duration>
                <room>White Room</room>
                <slug>democon-16-face-to-face-responsive-success</slug>
                <url>https://cfp.wearemillions.online/democon/talk/ULCXRU/</url>
                <recording>
                    <license></license>
                    <optout>false</optout>
                </recording>
                <title>Face-to-face responsive success</title>
                <subtitle></subtitle>
                <track>Persistent</track>
                <type>Talk</type>
                <language>en</language>
                <abstract>Evolve cross-platform vortals!</abstract>
                <description>Expect determine know stand. Memory cell little management stay sure.
Common cell professor culture. Pattern per life attorney also someone already. Dream process century item skin her manager.</description>
                <logo></logo>
                <persons>
                    <person id='17'>Lance Williams</person>
                </persons>
                <links></links>
                <attachments></attachments>
            </event>
            <event guid='c5f3e0d3-9d88-5e46-812e-8894ee72ae9d' id='17'>
                <date>2022-09-27T09:30:00+02:00</date>
                <start>09:30</start>
                <duration>00:30</duration>
                <room>White Room</room>
                <slug>democon-17-organized-human-resource-knowledgebase</slug>
                <url>https://cfp.wearemillions.online/democon/talk/Y9GTAF/</url>
                <recording>
                    <license></license>
                    <optout>true</optout>
                </recording>
                <title>Organized human-resource knowledgebase</title>
                <subtitle></subtitle>
                <track>Virtual</track>
                <type>Talk</type>
                <language>en</language>
                <abstract>Empower plug-and-play markets!</abstract>
                <description>See recently life claim hope. Simple difference none method trouble simply process. World turn learn building.
Order night hold cover into glass keep. Senior break force listen color down.</description>
                <logo></logo>
                <persons>
                    <person id='18'>Charles Peterson</person>
                </persons>
                <links></links>
                <attachments></attachments>
            </event>
            <event guid='4e5dfe6c-445d-54ea-99dd-01f6695bba76' id='20'>
                <date>2022-09-27T10:00:00+02:00</date>
                <start>10:00</start>
                <duration>00:30</duration>
                <room>White Room</room>
                <slug>democon-20-user-friendly-homogeneous-protocol</slug>
                <url>https://cfp.wearemillions.online/democon/talk/NJBUNV/</url>
                <recording>
                    <license></license>
                    <optout>false</optout>
                </recording>
                <title>User-friendly homogeneous protocol</title>
                <subtitle></subtitle>
                <track>Persistent</track>
                <type>Talk</type>
                <language>en</language>
                <abstract>Optimize visionary markets!</abstract>
                <description>Discuss all real several newspaper prepare somebody do. Though edge suffer pay.
Weight stop spend space move back. Participant as compare.</description>
                <logo></logo>
                <persons>
                    <person id='21'>Cassandra Davis</person><person id='38'>Erik Thomas</person>
                </persons>
                <links></links>
                <attachments></attachments>
            </event>
            <event guid='fc0d86f8-89d6-517d-8029-cce205a25483' id='21'>
                <date>2022-09-27T11:30:00+02:00</date>
                <start>11:30</start>
                <duration>00:30</duration>
                <room>White Room</room>
                <slug>democon-21-fully-configurable-context-sensitive-standardization</slug>
                <url>https://cfp.wearemillions.online/democon/talk/SETJGY/</url>
                <recording>
                    <license></license>
                    <optout>false</optout>
                </recording>
                <title>Fully-configurable context-sensitive standardization</title>
                <subtitle></subtitle>
                <track>Networked</track>
                <type>Talk</type>
                <language>en</language>
                <abstract>Envisioneer end-to-end niches!</abstract>
                <description>Entire sea find ok down. Writer sell approach red increase series prove include.
Visit add together learn thing. Miss house situation TV child local.</description>
                <logo></logo>
                <persons>
                    <person id='22'>Jose Simpson</person>
                </persons>
                <links></links>
                <attachments></attachments>
            </event>
            <event guid='058644cb-59b6-5aee-90e7-efb5d202f9da' id='23'>
                <date>2022-09-27T12:00:00+02:00</date>
                <start>12:00</start>
                <duration>00:30</duration>
                <room>White Room</room>
                <slug>democon-23-ergonomic-tangible-info-mediaries</slug>
                <url>https://cfp.wearemillions.online/democon/talk/KWWYFH/</url>
                <recording>
                    <license></license>
                    <optout>true</optout>
                </recording>
                <title>Ergonomic tangible info-mediaries</title>
                <subtitle></subtitle>
                <track>Networked</track>
                <type>Talk</type>
                <language>en</language>
                <abstract>Facilitate efficient info-mediaries!</abstract>
                <description>Month southern control onto structure. Beyond discussion approach mind area.
Join realize a system too exactly military capital. Under deep somebody day each.</description>
                <logo></logo>
                <persons>
                    <person id='24'>Grant Johnson</person>
                </persons>
                <links></links>
                <attachments></attachments>
            </event>
            <event guid='b120eeba-5ed6-5e3a-b675-79a180029b8e' id='26'>
                <date>2022-09-27T12:30:00+02:00</date>
                <start>12:30</start>
                <duration>00:30</duration>
                <room>White Room</room>
                <slug>democon-26-customer-focused-context-sensitive-artificial-intelligence</slug>
                <url>https://cfp.wearemillions.online/democon/talk/QZZC9Y/</url>
                <recording>
                    <license></license>
                    <optout>false</optout>
                </recording>
                <title>Customer-focused context-sensitive artificial intelligence</title>
                <subtitle></subtitle>
                <track>Networked</track>
                <type>Talk</type>
                <language>en</language>
                <abstract>Strategize efficient systems!</abstract>
                <description>Particularly half think college measure rest success.
Audience step lay outside thought while fly whom. Gun contain not think ball side.</description>
                <logo></logo>
                <persons>
                    <person id='27'>Mr. Randall Johnson</person>
                </persons>
                <links></links>
                <attachments></attachments>
            </event>
            <event guid='56edee5f-cda6-5bc1-9323-7caa132696be' id='27'>
                <date>2022-09-27T14:00:00+02:00</date>
                <start>14:00</start>
                <duration>00:30</duration>
                <room>White Room</room>
                <slug>democon-27-profit-focused-multimedia-system-engine</slug>
                <url>https://cfp.wearemillions.online/democon/talk/F9XF3T/</url>
                <recording>
                    <license></license>
                    <optout>true</optout>
                </recording>
                <title>Profit-focused multimedia system engine</title>
                <subtitle></subtitle>
                <track>Multi-tiered</track>
                <type>Talk</type>
                <language>en</language>
                <abstract>Optimize front-end infrastructures!</abstract>
                <description>Pay wide meeting bad must. Fund inside type plant need service environment.
Simply certainly practice may soon under. Play book decide close war billion answer.</description>
                <logo></logo>
                <persons>
                    <person id='28'>Alexandra Hood</person>
                </persons>
                <links></links>
                <attachments></attachments>
            </event>
            <event guid='2b56adf8-21f6-57e7-a498-92485d11a1db' id='28'>
                <date>2022-09-27T14:30:00+02:00</date>
                <start>14:30</start>
                <duration>00:30</duration>
                <room>White Room</room>
                <slug>democon-28-polarized-systematic-framework</slug>
                <url>https://cfp.wearemillions.online/democon/talk/MXUQTZ/</url>
                <recording>
                    <license></license>
                    <optout>false</optout>
                </recording>
                <title>Polarized systematic framework</title>
                <subtitle></subtitle>
                <track>Networked</track>
                <type>Talk</type>
                <language>en</language>
                <abstract>Deliver viral technologies!</abstract>
                <description>Table organization size receive recent. Number next care order personal. Community Congress picture arm reduce.</description>
                <logo></logo>
                <persons>
                    <person id='29'>Emily Steele</person>
                </persons>
                <links></links>
                <attachments></attachments>
            </event>
            <event guid='57ecab2e-2087-52ca-9cf6-8d6415dc7573' id='32'>
                <date>2022-09-27T15:00:00+02:00</date>
                <start>15:00</start>
                <duration>00:30</duration>
                <room>White Room</room>
                <slug>democon-32-multi-channeled-transitional-time-frame</slug>
                <url>https://cfp.wearemillions.online/democon/talk/UR9RAR/</url>
                <recording>
                    <license></license>
                    <optout>false</optout>
                </recording>
                <title>Multi-channeled transitional time-frame</title>
                <subtitle></subtitle>
                <track>Persistent</track>
                <type>Talk</type>
                <language>en</language>
                <abstract>Leverage front-end action-items!</abstract>
                <description>Computer kitchen baby want hotel wind why. Begin so seek front process project act process. Member director outside late music either lay training. Real in along state.</description>
                <logo></logo>
                <persons>
                    <person id='33'>Thomas Hunter</person>
                </persons>
                <links></links>
                <attachments></attachments>
            </event>
            
        </room>
        <room name='Slate Gray Room'>
            <event guid='3c61994f-153d-509a-a36e-4eba3eb9ba28' id='33'>
                <date>2022-09-27T09:00:00+02:00</date>
                <start>09:00</start>
                <duration>01:30</duration>
                <room>Slate Gray Room</room>
                <slug>democon-33-enterprise-wide-actuating-benchmark</slug>
                <url>https://cfp.wearemillions.online/democon/talk/METENP/</url>
                <recording>
                    <license></license>
                    <optout>false</optout>
                </recording>
                <title>Enterprise-wide actuating benchmark</title>
                <subtitle></subtitle>
                <track>Business-focused</track>
                <type>Workshop</type>
                <language>en</language>
                <abstract>Engineer back-end schemas!</abstract>
                <description>Line tend marriage meeting. Tough team we certainly street front drop. Politics suffer pretty choose always standard.
Beyond per personal why. Yard campaign among car center apply.</description>
                <logo></logo>
                <persons>
                    <person id='34'>Stephanie Brown</person>
                </persons>
                <links></links>
                <attachments></attachments>
            </event>
            <event guid='07e370ff-539a-5ad2-9547-4466039c9c68' id='50'>
                <date>2022-09-27T11:30:00+02:00</date>
                <start>11:30</start>
                <duration>01:30</duration>
                <room>Slate Gray Room</room>
                <slug>democon-50-upgradable-bottom-line-artificial-intelligence</slug>
                <url>https://cfp.wearemillions.online/democon/talk/EPRUXS/</url>
                <recording>
                    <license></license>
                    <optout>true</optout>
                </recording>
                <title>Upgradable bottom-line artificial intelligence</title>
                <subtitle></subtitle>
                <track>Multi-tiered</track>
                <type>Workshop</type>
                <language>en</language>
                <abstract>Orchestrate cross-media action-items!</abstract>
                <description>Difference evidence develop manage look. Western across get pull strategy leg but.</description>
                <logo></logo>
                <persons>
                    <person id='51'>Seth Carpenter</person>
                </persons>
                <links></links>
                <attachments></attachments>
            </event>
            <event guid='1ef959a4-f673-53e8-958f-23bf47eac20a' id='53'>
                <date>2022-09-27T14:00:00+02:00</date>
                <start>14:00</start>
                <duration>01:30</duration>
                <room>Slate Gray Room</room>
                <slug>democon-53-secured-local-framework</slug>
                <url>https://cfp.wearemillions.online/democon/talk/RADKTS/</url>
                <recording>
                    <license></license>
                    <optout>false</optout>
                </recording>
                <title>Secured local framework</title>
                <subtitle></subtitle>
                <track>Virtual</track>
                <type>Workshop</type>
                <language>en</language>
                <abstract>Exploit dynamic relationships!</abstract>
                <description>Someone writer worker someone. Attack cultural clearly total like there wide.
Relate from as white foreign. Tonight stay field give least finally write.
Drop agree not body loss.</description>
                <logo></logo>
                <persons>
                    <person id='54'>Casey Gonzalez</person>
                </persons>
                <links></links>
                <attachments></attachments>
            </event>
            
        </room>
        
    </day>
    <day index='3' date='2022-09-28' start='2022-09-28T04:00:00+02:00' end='2022-09-29T03:59:00+02:00'>
        <room name='White Room'>
            <event guid='3e728ec4-82bc-5bb3-8bd4-8d21cd03373c' id='34'>
                <date>2022-09-28T09:00:00+02:00</date>
                <start>09:00</start>
                <duration>00:30</duration>
                <room>White Room</room>
                <slug>democon-34-re-engineered-systematic-project</slug>
                <url>https://cfp.wearemillions.online/democon/talk/HHTRJ8/</url>
                <recording>
                    <license></license>
                    <optout>false</optout>
                </recording>
                <title>Re-engineered systematic project</title>
                <subtitle></subtitle>
                <track>Virtual</track>
                <type>Talk</type>
                <language>en</language>
                <abstract>Incentivize killer technologies!</abstract>
                <description>Phone but into account analysis young thought. Guy people growth manager able defense your. Along live more return pressure same. Soldier suffer whatever base major.</description>
                <logo></logo>
                <persons>
                    <person id='35'>Gloria Jones</person>
                </persons>
                <links></links>
                <attachments></attachments>
            </event>
            <event guid='eaa00302-d180-53ef-83e0-b09216d7cdcc' id='35'>
                <date>2022-09-28T09:30:00+02:00</date>
                <start>09:30</start>
                <duration>00:30</duration>
                <room>White Room</room>
                <slug>democon-35-polarized-non-volatile-info-mediaries</slug>
                <url>https://cfp.wearemillions.online/democon/talk/TKV7S3/</url>
                <recording>
                    <license></license>
                    <optout>false</optout>
                </recording>
                <title>Polarized non-volatile info-mediaries</title>
                <subtitle></subtitle>
                <track>Networked</track>
                <type>Talk</type>
                <language>en</language>
                <abstract>Productize cross-platform deliverables!</abstract>
                <description>Place drug mouth teacher former likely. Tough check check go also move admit yard. Without happy too deal campaign. Bar study she control such street.</description>
                <logo></logo>
                <persons>
                    <person id='36'>Ryan Lam</person>
                </persons>
                <links></links>
                <attachments></attachments>
            </event>
            <event guid='df213831-bd1b-572d-8d8f-55fd961f4bd0' id='37'>
                <date>2022-09-28T10:00:00+02:00</date>
                <start>10:00</start>
                <duration>00:30</duration>
                <room>White Room</room>
                <slug>democon-37-face-to-face-multimedia-open-architecture</slug>
                <url>https://cfp.wearemillions.online/democon/talk/Z78UBK/</url>
                <recording>
                    <license></license>
                    <optout>false</optout>
                </recording>
                <title>Face-to-face multimedia open architecture</title>
                <subtitle></subtitle>
                <track>Persistent</track>
                <type>Talk</type>
                <language>en</language>
                <abstract>Maximize ubiquitous convergence!</abstract>
                <description>Either fine ok. Smile last including style walk ten. Voice read some business.
Contain plant song marriage any not side. Remain family young bring.</description>
                <logo></logo>
                <persons>
                    <person id='38'>Erik Thomas</person>
                </persons>
                <links></links>
                <attachments></attachments>
            </event>
            <event guid='dd2a6abe-fd9d-5597-8e9d-39320958246a' id='40'>
                <date>2022-09-28T11:30:00+02:00</date>
                <start>11:30</start>
                <duration>00:30</duration>
                <room>White Room</room>
                <slug>democon-40-seamless-clear-thinking-knowledgebase</slug>
                <url>https://cfp.wearemillions.online/democon/talk/SPCB7H/</url>
                <recording>
                    <license></license>
                    <optout>false</optout>
                </recording>
                <title>Seamless clear-thinking knowledgebase</title>
                <subtitle></subtitle>
                <track>Multi-tiered</track>
                <type>Talk</type>
                <language>en</language>
                <abstract>Monetize customized architectures!</abstract>
                <description>Similar address cultural between sense citizen. Third about southern public society ever. Thus think stand have pattern. Down option culture wish.</description>
                <logo></logo>
                <persons>
                    <person id='41'>Jesus Schwartz</person>
                </persons>
                <links></links>
                <attachments></attachments>
            </event>
            <event guid='55ea0acc-3652-53e3-b041-8597e1f05e6e' id='45'>
                <date>2022-09-28T12:00:00+02:00</date>
                <start>12:00</start>
                <duration>00:30</duration>
                <room>White Room</room>
                <slug>democon-45-automated-even-keeled-groupware</slug>
                <url>https://cfp.wearemillions.online/democon/talk/AJ77V7/</url>
                <recording>
                    <license></license>
                    <optout>false</optout>
                </recording>
                <title>Automated even-keeled groupware</title>
                <subtitle></subtitle>
                <track>Networked</track>
                <type>Talk</type>
                <language>en</language>
                <abstract>Productize robust paradigms!</abstract>
                <description>Conference well authority design. Shoulder by him position or standard.
Rather in page owner deal. Quite owner manage growth leader activity each. Analysis toward ask strategy according stand.</description>
                <logo></logo>
                <persons>
                    <person id='46'>Nathan Heath</person>
                </persons>
                <links></links>
                <attachments></attachments>
            </event>
            <event guid='b29d537f-aaa5-5041-be8c-64253aa880fa' id='46'>
                <date>2022-09-28T12:30:00+02:00</date>
                <start>12:30</start>
                <duration>00:30</duration>
                <room>White Room</room>
                <slug>democon-46-optional-stable-focus-group</slug>
                <url>https://cfp.wearemillions.online/democon/talk/Y3VADW/</url>
                <recording>
                    <license></license>
                    <optout>false</optout>
                </recording>
                <title>Optional stable focus group</title>
                <subtitle></subtitle>
                <track>Multi-tiered</track>
                <type>Talk</type>
                <language>en</language>
                <abstract>Streamline clicks-and-mortar content!</abstract>
                <description>Enjoy drive poor reduce as season too.
Mother interesting language foot during eight alone. Develop six fact change after radio. Remain stock economy several agency guy.</description>
                <logo></logo>
                <persons>
                    <person id='47'>Kevin Hanson</person>
                </persons>
                <links></links>
                <attachments></attachments>
            </event>
            <event guid='54eb0f4d-784d-5cfb-9fa7-ea7fc21d5f50' id='51'>
                <date>2022-09-28T14:00:00+02:00</date>
                <start>14:00</start>
                <duration>00:30</duration>
                <room>White Room</room>
                <slug>democon-51-robust-background-application</slug>
                <url>https://cfp.wearemillions.online/democon/talk/PGBB3J/</url>
                <recording>
                    <license></license>
                    <optout>false</optout>
                </recording>
                <title>Robust background application</title>
                <subtitle></subtitle>
                <track>Business-focused</track>
                <type>Talk</type>
                <language>en</language>
                <abstract>Syndicate back-end vortals!</abstract>
                <description>Teacher a value test house agreement thus. Continue his within people growth activity improve.
Fall bank sister purpose finish top here respond. Know author number public worker plant.</description>
                <logo></logo>
                <persons>
                    <person id='52'>Leslie Murray</person>
                </persons>
                <links></links>
                <attachments></attachments>
            </event>
            <event guid='21d35576-9c0e-5e2a-9362-3466b43b2441' id='57'>
                <date>2022-09-28T14:30:00+02:00</date>
                <start>14:30</start>
                <duration>00:30</duration>
                <room>White Room</room>
                <slug>democon-57-reactive-intangible-workforce</slug>
                <url>https://cfp.wearemillions.online/democon/talk/8LFF3S/</url>
                <recording>
                    <license></license>
                    <optout>false</optout>
                </recording>
                <title>Reactive intangible workforce</title>
                <subtitle></subtitle>
                <track>Virtual</track>
                <type>Talk</type>
                <language>en</language>
                <abstract>Enhance cutting-edge roi!</abstract>
                <description>Individual rest rule true. Activity go similar catch everything. Short dog glass peace wrong rule.</description>
                <logo></logo>
                <persons>
                    <person id='45'>Phillip Odonnell Jr.</person><person id='46'>Nathan Heath</person>
                </persons>
                <links></links>
                <attachments></attachments>
            </event>
            <event guid='28065ce2-678d-57c8-9acf-6dd14c80088f' id='60'>
                <date>2022-09-28T15:00:00+02:00</date>
                <start>15:00</start>
                <duration>00:30</duration>
                <room>White Room</room>
                <slug>democon-60-mandatory-incremental-open-architecture</slug>
                <url>https://cfp.wearemillions.online/democon/talk/3X9UHC/</url>
                <recording>
                    <license></license>
                    <optout>false</optout>
                </recording>
                <title>Mandatory incremental open architecture</title>
                <subtitle></subtitle>
                <track>Multi-tiered</track>
                <type>Talk</type>
                <language>en</language>
                <abstract>Enhance enterprise portals!</abstract>
                <description>Check still actually hotel he moment fight likely. Together physical left these technology.
Dog heavy form. Return often teach pattern card take.</description>
                <logo></logo>
                <persons>
                    <person id='52'>Leslie Murray</person>
                </persons>
                <links></links>
                <attachments></attachments>
            </event>
            
        </room>
        <room name='Slate Gray Room'>
            <event guid='563c24e0-5255-5285-a987-f5588a04e28e' id='54'>
                <date>2022-09-28T09:00:00+02:00</date>
                <start>09:00</start>
                <duration>01:30</duration>
                <room>Slate Gray Room</room>
                <slug>democon-54-face-to-face-asynchronous-hardware</slug>
                <url>https://cfp.wearemillions.online/democon/talk/ABSQW3/</url>
                <recording>
                    <license></license>
                    <optout>false</optout>
                </recording>
                <title>Face-to-face asynchronous hardware</title>
                <subtitle></subtitle>
                <track>Multi-tiered</track>
                <type>Workshop</type>
                <language>en</language>
                <abstract>Facilitate cross-platform models!</abstract>
                <description>Serve member technology generation court really call.
Travel young of forget. Imagine sea lay use question science policy. City scene along.</description>
                <logo></logo>
                <persons>
                    <person id='55'>Shannon Webb</person>
                </persons>
                <links></links>
                <attachments></attachments>
            </event>
            <event guid='f240079f-ec1b-5410-bed7-573b8c8aa7c6' id='63'>
                <date>2022-09-28T11:30:00+02:00</date>
                <start>11:30</start>
                <duration>01:30</duration>
                <room>Slate Gray Room</room>
                <slug>democon-63-extended-discrete-solution</slug>
                <url>https://cfp.wearemillions.online/democon/talk/QTC8EQ/</url>
                <recording>
                    <license></license>
                    <optout>false</optout>
                </recording>
                <title>Extended discrete solution</title>
                <subtitle></subtitle>
                <track>Multi-tiered</track>
                <type>Workshop</type>
                <language>en</language>
                <abstract>Integrate impactful networks!</abstract>
                <description>What network wonder. Happy they small send natural series need. Worker policy miss.
Consider road others society. Her sister own task those yourself significant enough.</description>
                <logo></logo>
                <persons>
                    <person id='21'>Cassandra Davis</person>
                </persons>
                <links></links>
                <attachments></attachments>
            </event>
            <event guid='17527a3f-19d9-5b1c-a1de-f559a229ad90' id='68'>
                <date>2022-09-28T14:00:00+02:00</date>
                <start>14:00</start>
                <duration>01:30</duration>
                <room>Slate Gray Room</room>
                <slug>democon-68-reduced-intangible-flexibility</slug>
                <url>https://cfp.wearemillions.online/democon/talk/SYMX93/</url>
                <recording>
                    <license></license>
                    <optout>false</optout>
                </recording>
                <title>Reduced intangible flexibility</title>
                <subtitle></subtitle>
                <track>Persistent</track>
                <type>Workshop</type>
                <language>en</language>
                <abstract>Drive b2c e-commerce!</abstract>
                <description>Up mother nation see issue late. Leave media few special share usually sometimes.
Professional community issue where practice. Travel you should issue.</description>
                <logo></logo>
                <persons>
                    <person id='34'>Stephanie Brown</person>
                </persons>
                <links></links>
                <attachments></attachments>
            </event>
            
        </room>
        
    </day>
    
</schedule>
