<?xml version="1.0" encoding="utf-8"?>
<feed xml:lang="en" xmlns="http://www.w3.org/2005/Atom"><title>Devcon VI schedule updates</title><link href="https://speak.devcon.org/devcon-vi-2022/schedule/" rel="alternate"></link><link href="https://speak.devcon.org/devcon-vi-2022/schedule/feed.xml" rel="self"></link><id>https://speak.devcon.org/devcon-vi-2022/schedule/feed.xml</id><updated>2022-10-11T22:42:47.551134+00:00</updated><entry><title>New Devcon VI schedule released (0.10)</title><link href="https://speak.devcon.org/devcon-vi-2022/schedule/changelog/#0.10" rel="alternate"></link><published>2022-10-11T22:42:47.551134+00:00</published><id>https://speak.devcon.org/devcon-vi-2022/schedule/changelog/#0.10</id><summary type="html">

&lt;p&gt;
    
        A new Devcon VI schedule has been released!
    
&lt;/p&gt;




    &lt;p&gt;&lt;p&gt;We released a new schedule version!&lt;/p&gt;&lt;/p&gt;


    
        
            &lt;p&gt;We have new sessions!&lt;/p&gt;
            &lt;ul&gt;
                
                    &lt;li&gt;&lt;a href="/devcon-vi-2022/talk/GH8QJC/"&gt;
                        “Ukulele Workshop”
                        
                    &lt;/a&gt;&lt;/li&gt;
                
                    &lt;li&gt;&lt;a href="/devcon-vi-2022/talk/HJ7EFD/"&gt;
                        “OPEN SOURCE JAM”
                        
                    &lt;/a&gt;&lt;/li&gt;
                
                    &lt;li&gt;&lt;a href="/devcon-vi-2022/talk/ZFKLZL/"&gt;
                        “Remix’s Jazz &amp;amp; Blues Open Source JAM SESSION”
                        
                    &lt;/a&gt;&lt;/li&gt;
                
                    &lt;li&gt;&lt;a href="/devcon-vi-2022/talk/XHHSTN/"&gt;
                        “Healing Session by is.love”
                        
                    &lt;/a&gt;&lt;/li&gt;
                
                    &lt;li&gt;&lt;a href="/devcon-vi-2022/talk/LDKEPV/"&gt;
                        “Traditional Chinese Flute (Hu Lu Si)  Performed by Clara Lin”
                        
                    &lt;/a&gt;&lt;/li&gt;
                
                    &lt;li&gt;&lt;a href="/devcon-vi-2022/talk/9V7YQL/"&gt;
                        “Lessons from the Field: Threat Modeling for the Everyday Use of Digital Currency”
                        
                    &lt;/a&gt;&lt;/li&gt;
                
                    &lt;li&gt;&lt;a href="/devcon-vi-2022/talk/T3QBAN/"&gt;
                        “Ukulele Workshop”
                        
                    &lt;/a&gt;&lt;/li&gt;
                
                    &lt;li&gt;&lt;a href="/devcon-vi-2022/talk/US7CFH/"&gt;
                        “ENREDO LOFI SAMPLE ARTIST”
                        
                    &lt;/a&gt;&lt;/li&gt;
                
                    &lt;li&gt;&lt;a href="/devcon-vi-2022/talk/8JGQU8/"&gt;
                        “SHAKA AND THE OPEN SOURCE ORCHESTRA”
                        
                    &lt;/a&gt;&lt;/li&gt;
                
                    &lt;li&gt;&lt;a href="/devcon-vi-2022/talk/3NVGZE/"&gt;
                        “Healing Session by is.love”
                        
                    &lt;/a&gt;&lt;/li&gt;
                
                    &lt;li&gt;&lt;a href="/devcon-vi-2022/talk/JZZBST/"&gt;
                        “OPEN SOURCE JAM”
                        
                    &lt;/a&gt;&lt;/li&gt;
                
                    &lt;li&gt;&lt;a href="/devcon-vi-2022/talk/8JSG8H/"&gt;
                        “Matteo Tambussi”
                        
                    &lt;/a&gt;&lt;/li&gt;
                
                    &lt;li&gt;&lt;a href="/devcon-vi-2022/talk/WSTEX8/"&gt;
                        “Traditional Chinese Flute (Hu Lu Si)  Performed by Clara Lin”
                        
                    &lt;/a&gt;&lt;/li&gt;
                
                    &lt;li&gt;&lt;a href="/devcon-vi-2022/talk/A8GWNA/"&gt;
                        “Justin Holmes and Friends”
                        
                    &lt;/a&gt;&lt;/li&gt;
                
                    &lt;li&gt;&lt;a href="/devcon-vi-2022/talk/HFNBEY/"&gt;
                        “0xPARC Autonomous Worlds Arcade”
                        
                    &lt;/a&gt;&lt;/li&gt;
                
                    &lt;li&gt;&lt;a href="/devcon-vi-2022/talk/ZRJKJ3/"&gt;
                        “Remix’s Jazz &amp;amp; Blues Open Source JAM SESSION”
                        
                    &lt;/a&gt;&lt;/li&gt;
                
                    &lt;li&gt;&lt;a href="/devcon-vi-2022/talk/VAXV78/"&gt;
                        “CHIVA LOUNGE OPENING w/ ETH Musicians DAPP”
                        
                    &lt;/a&gt;&lt;/li&gt;
                
                    &lt;li&gt;&lt;a href="/devcon-vi-2022/talk/FPFE3Y/"&gt;
                        “DJ ALMND”
                        
                    &lt;/a&gt;&lt;/li&gt;
                
                    &lt;li&gt;&lt;a href="/devcon-vi-2022/talk/W9CLNK/"&gt;
                        “Healing Session by is.love”
                        
                    &lt;/a&gt;&lt;/li&gt;
                
                    &lt;li&gt;&lt;a href="/devcon-vi-2022/talk/VCY3RV/"&gt;
                        “An Evening in the Dark Forest”
                        
                    &lt;/a&gt;&lt;/li&gt;
                
                    &lt;li&gt;&lt;a href="/devcon-vi-2022/talk/GUK7UR/"&gt;
                        “DJ ALMND”
                        
                    &lt;/a&gt;&lt;/li&gt;
                
                    &lt;li&gt;&lt;a href="/devcon-vi-2022/talk/Z3CKLW/"&gt;
                        “Tomosaito DJ SESSION”
                        
                    &lt;/a&gt;&lt;/li&gt;
                
                    &lt;li&gt;&lt;a href="/devcon-vi-2022/talk/QRJZMH/"&gt;
                        “SHAKA LOOP”
                        
                    &lt;/a&gt;&lt;/li&gt;
                
                    &lt;li&gt;&lt;a href="/devcon-vi-2022/talk/HGQLYD/"&gt;
                        “SHAKA AND THE OPEN SOURCE ORCHESTRA”
                        
                    &lt;/a&gt;&lt;/li&gt;
                
                    &lt;li&gt;&lt;a href="/devcon-vi-2022/talk/PU9ZSD/"&gt;
                        “Traditional Chinese Flute (Hu Lu Si)  Performed by Clara Lin”
                        
                    &lt;/a&gt;&lt;/li&gt;
                
                    &lt;li&gt;&lt;a href="/devcon-vi-2022/talk/8WZKGB/"&gt;
                        “DJ is.love and VJ Cbazperrez”
                        
                    &lt;/a&gt;&lt;/li&gt;
                
                    &lt;li&gt;&lt;a href="/devcon-vi-2022/talk/8YLUG3/"&gt;
                        “Justin Holmes and Friends”
                        
                    &lt;/a&gt;&lt;/li&gt;
                
                    &lt;li&gt;&lt;a href="/devcon-vi-2022/talk/JDBCEL/"&gt;
                        “OPEN SOURCE JAM”
                        
                    &lt;/a&gt;&lt;/li&gt;
                
                    &lt;li&gt;&lt;a href="/devcon-vi-2022/talk/UXZG8D/"&gt;
                        “DJ Erick Bustamante”
                        
                    &lt;/a&gt;&lt;/li&gt;
                
                    &lt;li&gt;&lt;a href="/devcon-vi-2022/talk/WWDVQA/"&gt;
                        “Hold”
                        
                    &lt;/a&gt;&lt;/li&gt;
                
            &lt;/ul&gt;
        &lt;/p&gt;
    

    
        
            &lt;p&gt;We sadly had to cancel a session: 
                
                    “Reaching The Next Billion Users for Ethereum - Leverage the African Numbers”
                    
                        by Awosika Ayodeji.
                    
                &lt;/p&gt;
        
    

    
        
            &lt;p&gt;We had to move some sessions, so if you were planning on seeing them, check their new dates or locations:&lt;/p&gt;
            &lt;ul&gt;
                
                    &lt;li&gt;&lt;a href="/devcon-vi-2022/talk/XPHSYR/"&gt;
                        “Advanced Seaport Techniques”
                        
                            by Zero Age
                        
                    &lt;/a&gt;
                        
                            (Oct. 14, 2022, 11 a.m., Workshop 4 → Oct. 12, 2022, 5 p.m., Workshop 2)
                        
                    &lt;/li&gt;
                
                    &lt;li&gt;&lt;a href="/devcon-vi-2022/talk/TLHM7N/"&gt;
                        “Herodotus Workshop”
                        
                            by Marcello Bardus
                        
                    &lt;/a&gt;
                        
                            (Oct. 12, 2022, 5 p.m., Workshop 2 → Oct. 14, 2022, 11 a.m., Workshop 4)
                        
                    &lt;/li&gt;
                
                    &lt;li&gt;&lt;a href="/devcon-vi-2022/talk/XMHCA7/"&gt;
                        “ZK Security Self Led Session”
                        
                            by Jordi Baylina, Jon Stephens, Kyle Charbonnet, gubsheep, David Theodore, Remy, Barry Whitehat, Jason Morton, Lucas, Haichen Shen
                        
                    &lt;/a&gt;
                        
                            (Oct. 13, 2022, 4 p.m. → Oct. 13, 2022, 9 a.m.)
                        
                    &lt;/li&gt;
                
            &lt;/ul&gt;
        
    


</summary></entry><entry><title>New Devcon VI schedule released (0.9)</title><link href="https://speak.devcon.org/devcon-vi-2022/schedule/changelog/#0.9" rel="alternate"></link><published>2022-10-10T01:59:08.849021+00:00</published><id>https://speak.devcon.org/devcon-vi-2022/schedule/changelog/#0.9</id><summary type="html">

&lt;p&gt;
    
        A new Devcon VI schedule has been released!
    
&lt;/p&gt;




    &lt;p&gt;&lt;p&gt;We released a new schedule version!&lt;/p&gt;&lt;/p&gt;


    
        
            &lt;p&gt;We have a new session: 
                
                    &lt;a href="/devcon-vi-2022/talk/KPR8CL/"&gt;
                        “Future of ZK Proving Systems Self Led Session”
                        
                            by Jordi Baylina, Ye Zhang, Youssef El Housni, Adrian Hamelink, Yi Sun, Ying Tong, Louis Guthmann, Jason Morton, Janmajaya Mall, Brandon Kase, Kev
                        
                    &lt;/a&gt;.
                
        &lt;/p&gt;
    

    
        
            &lt;p&gt;We sadly had to cancel a session: 
                
                    “Living on Defi: 3 years later”
                    
                        by Mariano Conti.
                    
                &lt;/p&gt;
        
    

    
        
            &lt;p&gt;We had to move some sessions, so if you were planning on seeing them, check their new dates or locations:&lt;/p&gt;
            &lt;ul&gt;
                
                    &lt;li&gt;&lt;a href="/devcon-vi-2022/talk/RAPTXZ/"&gt;
                        “ELI5: Cryptoeconomics”
                        
                            by Julian Ma
                        
                    &lt;/a&gt;
                        
                            (Oct. 11, 2022, 4:25 p.m. → Oct. 11, 2022, 2:30 p.m.)
                        
                    &lt;/li&gt;
                
                    &lt;li&gt;&lt;a href="/devcon-vi-2022/talk/PRZWNN/"&gt;
                        “How to Ethically Build Public Good Infrastructure”
                        
                            by Corey Petty
                        
                    &lt;/a&gt;
                        
                            (Oct. 12, 2022, 5:30 p.m. → Oct. 12, 2022, 5 p.m.)
                        
                    &lt;/li&gt;
                
                    &lt;li&gt;&lt;a href="/devcon-vi-2022/talk/MACJT8/"&gt;
                        “Time in Ethereum - on the implications of replacing our dear friend Poisson”
                        
                            by Caspar Schwarz-Schilling
                        
                    &lt;/a&gt;
                        
                            (Oct. 12, 2022, 5 p.m. → Oct. 12, 2022, 4:30 p.m.)
                        
                    &lt;/li&gt;
                
                    &lt;li&gt;&lt;a href="/devcon-vi-2022/talk/CTBFSQ/"&gt;
                        “ELI5: Zero Knowledge”
                        
                            by Wanseob Lim
                        
                    &lt;/a&gt;
                        
                            (Oct. 11, 2022, 1:30 p.m. → Oct. 11, 2022, 4:30 p.m.)
                        
                    &lt;/li&gt;
                
                    &lt;li&gt;&lt;a href="/devcon-vi-2022/talk/ERDPUV/"&gt;
                        “Hold - Temporary”
                        
                            by Ethereum Foundation
                        
                    &lt;/a&gt;
                        
                            (Oct. 12, 2022, 4:30 p.m. → Oct. 12, 2022, 5:30 p.m.)
                        
                    &lt;/li&gt;
                
                    &lt;li&gt;&lt;a href="/devcon-vi-2022/talk/XMHCA7/"&gt;
                        “ZK Security Self Led Session”
                        
                            by Jordi Baylina, Jon Stephens, Kyle Charbonnet, gubsheep, David Theodore, Remy, Barry Whitehat, Jason Morton, Lucas, Haichen Shen
                        
                    &lt;/a&gt;
                        
                            (Oct. 13, 2022, 10 a.m. → Oct. 13, 2022, 4 p.m.)
                        
                    &lt;/li&gt;
                
                    &lt;li&gt;&lt;a href="/devcon-vi-2022/talk/8QFEHB/"&gt;
                        “ZK Application Showcase”
                        
                            by Althea Allen, Oskar Thorén, Shumo Chu, AtHeartEngineer, Aayush Gupta, Remco Bloemen, Yi Sun, Uma Roy, Ya-wen Jeng, Jason Morton, Vivek, Iskander, Sampriti Panda
                        
                    &lt;/a&gt;
                        
                            (Oct. 13, 2022, 2 p.m. → Oct. 13, 2022, 1 p.m.)
                        
                    &lt;/li&gt;
                
                    &lt;li&gt;&lt;a href="/devcon-vi-2022/talk/C8HYJZ/"&gt;
                        “ELI5: Account Abstraction”
                        
                            by Liraz
                        
                    &lt;/a&gt;
                        
                            (Oct. 11, 2022, 2:30 p.m. → Oct. 11, 2022, 1:30 p.m.)
                        
                    &lt;/li&gt;
                
            &lt;/ul&gt;
        
    


</summary></entry><entry><title>New Devcon VI schedule released (0.8)</title><link href="https://speak.devcon.org/devcon-vi-2022/schedule/changelog/#0.8" rel="alternate"></link><published>2022-10-09T02:11:31.785715+00:00</published><id>https://speak.devcon.org/devcon-vi-2022/schedule/changelog/#0.8</id><summary type="html">

&lt;p&gt;
    
        A new Devcon VI schedule has been released!
    
&lt;/p&gt;




    &lt;p&gt;&lt;p&gt;We released a new schedule version!&lt;/p&gt;&lt;/p&gt;


    
        
            &lt;p&gt;We have new sessions!&lt;/p&gt;
            &lt;ul&gt;
                
                    &lt;li&gt;&lt;a href="/devcon-vi-2022/talk/MTLQFS/"&gt;
                        “Livecoding Performance”
                        
                    &lt;/a&gt;&lt;/li&gt;
                
                    &lt;li&gt;&lt;a href="/devcon-vi-2022/talk/TAM9F7/"&gt;
                        “Livecoding Performance”
                        
                    &lt;/a&gt;&lt;/li&gt;
                
                    &lt;li&gt;&lt;a href="/devcon-vi-2022/talk/7ABC89/"&gt;
                        “Livecoding Performance”
                        
                    &lt;/a&gt;&lt;/li&gt;
                
                    &lt;li&gt;&lt;a href="/devcon-vi-2022/talk/NXXHPC/"&gt;
                        “ATRACTOR-LP-MIGRANTS”
                        
                    &lt;/a&gt;&lt;/li&gt;
                
                    &lt;li&gt;&lt;a href="/devcon-vi-2022/talk/8WD3CV/"&gt;
                        “Livecoding Performance”
                        
                    &lt;/a&gt;&lt;/li&gt;
                
                    &lt;li&gt;&lt;a href="/devcon-vi-2022/talk/PAPEE8/"&gt;
                        “Livecoding Performance”
                        
                    &lt;/a&gt;&lt;/li&gt;
                
                    &lt;li&gt;&lt;a href="/devcon-vi-2022/talk/DER8FW/"&gt;
                        “Livecoding Performance”
                        
                    &lt;/a&gt;&lt;/li&gt;
                
            &lt;/ul&gt;
        &lt;/p&gt;
    

    

    


</summary></entry><entry><title>New Devcon VI schedule released (0.7)</title><link href="https://speak.devcon.org/devcon-vi-2022/schedule/changelog/#0.7" rel="alternate"></link><published>2022-10-09T00:08:38.271774+00:00</published><id>https://speak.devcon.org/devcon-vi-2022/schedule/changelog/#0.7</id><summary type="html">

&lt;p&gt;
    
        A new Devcon VI schedule has been released!
    
&lt;/p&gt;




    &lt;p&gt;&lt;p&gt;We released a new schedule version!&lt;/p&gt;&lt;/p&gt;


    
        
            &lt;p&gt;We have new sessions!&lt;/p&gt;
            &lt;ul&gt;
                
                    &lt;li&gt;&lt;a href="/devcon-vi-2022/talk/BTZZDM/"&gt;
                        “Client Diversity Matters: Thinking Independently, Together”
                        
                    &lt;/a&gt;&lt;/li&gt;
                
                    &lt;li&gt;&lt;a href="/devcon-vi-2022/talk/AWNWYV/"&gt;
                        “Smart Transactions”
                        
                    &lt;/a&gt;&lt;/li&gt;
                
                    &lt;li&gt;&lt;a href="/devcon-vi-2022/talk/ERDPUV/"&gt;
                        “Hold - Temporary”
                        
                    &lt;/a&gt;&lt;/li&gt;
                
            &lt;/ul&gt;
        &lt;/p&gt;
    

    
        
            &lt;p&gt;Sadly, we had to cancel sessions:&lt;/p&gt;
            &lt;ul&gt;
                
                    &lt;li&gt;
                        “Secure HTTP for your Ethereum application”
                        
                            by Thibault Meunier
                        
                    &lt;/li&gt;
                
                    &lt;li&gt;
                        “Hold”
                        
                            by Ethereum Foundation
                        
                    &lt;/li&gt;
                
                    &lt;li&gt;
                        “What will the internet look like in 2050?”
                        
                            by Juan Benet
                        
                    &lt;/li&gt;
                
                    &lt;li&gt;
                        “Survey of Aggregation and Batching Techniques for SNARKs”
                        
                            by Adrian Hamelink
                        
                    &lt;/li&gt;
                
                    &lt;li&gt;
                        “Erigon 2 as a Distributed Database Technology”
                        
                            by Alexey Akhunov
                        
                    &lt;/li&gt;
                
                    &lt;li&gt;
                        “Product-Driven Protocols”
                        
                            by Shawki Sukkar
                        
                    &lt;/li&gt;
                
            &lt;/ul&gt;
        
    

    
        
            &lt;p&gt;We had to move some sessions, so if you were planning on seeing them, check their new dates or locations:&lt;/p&gt;
            &lt;ul&gt;
                
                    &lt;li&gt;&lt;a href="/devcon-vi-2022/talk/UXMBLR/"&gt;
                        “An Overview of AMM Mechanisms”
                        
                            by Matt Deible
                        
                    &lt;/a&gt;
                        
                            (Oct. 11, 2022, 2 p.m., Talk 4 → Oct. 12, 2022, 10 a.m., Talk 1)
                        
                    &lt;/li&gt;
                
                    &lt;li&gt;&lt;a href="/devcon-vi-2022/talk/MACJT8/"&gt;
                        “Time in Ethereum - on the implications of replacing our dear friend Poisson”
                        
                            by Caspar Schwarz-Schilling
                        
                    &lt;/a&gt;
                        
                            (Oct. 12, 2022, 4:30 p.m. → Oct. 12, 2022, 5 p.m.)
                        
                    &lt;/li&gt;
                
                    &lt;li&gt;&lt;a href="/devcon-vi-2022/talk/MXF9PW/"&gt;
                        “Everything a Solo Staker Should Know for the Next Phase of Ethereum”
                        
                            by Pol
                        
                    &lt;/a&gt;
                        
                            (Oct. 11, 2022, 5:30 p.m., Workshop 2 → Oct. 11, 2022, 2 p.m., Talk 4)
                        
                    &lt;/li&gt;
                
                    &lt;li&gt;&lt;a href="/devcon-vi-2022/talk/3Y8WP3/"&gt;
                        “Penumbra: Building a Private DEX with ZKPs and Threshold Cryptography”
                        
                            by Henry de Valence
                        
                    &lt;/a&gt;
                        
                            (Oct. 12, 2022, 10 a.m. → Oct. 12, 2022, 10:30 a.m.)
                        
                    &lt;/li&gt;
                
                    &lt;li&gt;&lt;a href="/devcon-vi-2022/talk/BEPJ3A/"&gt;
                        “Climate Change or Social Change? The Role of Blockchain”
                        
                            by Agustín Matteri
                        
                    &lt;/a&gt;
                        
                            (Oct. 11, 2022, 5:20 p.m., Talk 1 → Oct. 14, 2022, 11 a.m., Talk 5)
                        
                    &lt;/li&gt;
                
                    &lt;li&gt;&lt;a href="/devcon-vi-2022/talk/JEU9YR/"&gt;
                        “The Unbanked, A Real Blue Ocean Opportunity for Crypto”
                        
                            by Gabriela Chang
                        
                    &lt;/a&gt;
                        
                            (Oct. 13, 2022, 5:50 p.m. → Oct. 13, 2022, 5:40 p.m.)
                        
                    &lt;/li&gt;
                
                    &lt;li&gt;&lt;a href="/devcon-vi-2022/talk/BZZCRG/"&gt;
                        “Shamir Secret Sharing with No ID Numbers!”
                        
                            by Jorge Arce-Garro
                        
                    &lt;/a&gt;
                        
                            (Oct. 11, 2022, 5:40 p.m. → Oct. 11, 2022, 5:30 p.m.)
                        
                    &lt;/li&gt;
                
                    &lt;li&gt;&lt;a href="/devcon-vi-2022/talk/ZANTJE/"&gt;
                        “Underhanded Solidity”
                        
                            by Tynan Richards
                        
                    &lt;/a&gt;
                        
                            (Oct. 11, 2022, 5:30 p.m. → Oct. 11, 2022, 5:20 p.m.)
                        
                    &lt;/li&gt;
                
                    &lt;li&gt;&lt;a href="/devcon-vi-2022/talk/RL8ZMC/"&gt;
                        “Remix Rewards”
                        
                            by Rob Stupay
                        
                    &lt;/a&gt;
                        
                            (Oct. 11, 2022, 5:50 p.m. → Oct. 11, 2022, 5:40 p.m.)
                        
                    &lt;/li&gt;
                
                    &lt;li&gt;&lt;a href="/devcon-vi-2022/talk/MEN3QV/"&gt;
                        “Shielded Voting Using Threshold Encryption”
                        
                            by Luis Bezzenberger, Jannik Luhn
                        
                    &lt;/a&gt;
                        
                            (Oct. 13, 2022, 5:40 p.m. → Oct. 13, 2022, 5:30 p.m.)
                        
                    &lt;/li&gt;
                
                    &lt;li&gt;&lt;a href="/devcon-vi-2022/talk/NESKMJ/"&gt;
                        “How Latam cities are thinking about blockchain solutions.”
                        
                            by Jaime Pumarejo, Diego Fernandez, Mauricio Tovar, Irais Reyes, Alfredo Bateman
                        
                    &lt;/a&gt;
                        
                            (Oct. 11, 2022, 4:25 p.m. → Oct. 11, 2022, 4:30 p.m.)
                        
                    &lt;/li&gt;
                
            &lt;/ul&gt;
        
    


</summary></entry><entry><title>New Devcon VI schedule released (0.6)</title><link href="https://speak.devcon.org/devcon-vi-2022/schedule/changelog/#0.6" rel="alternate"></link><published>2022-10-06T21:38:18.861235+00:00</published><id>https://speak.devcon.org/devcon-vi-2022/schedule/changelog/#0.6</id><summary type="html">

&lt;p&gt;
    
        A new Devcon VI schedule has been released!
    
&lt;/p&gt;




    &lt;p&gt;&lt;p&gt;We released a new schedule version!&lt;/p&gt;&lt;/p&gt;


    

    

    
        
            &lt;p&gt;We had to move some sessions, so if you were planning on seeing them, check their new dates or locations:&lt;/p&gt;
            &lt;ul&gt;
                
                    &lt;li&gt;&lt;a href="/devcon-vi-2022/talk/KVMVBU/"&gt;
                        “How to Run a Validator From Zero on Resource-Constrained and Low Powered Devices”
                        
                            by Diego Losada
                        
                    &lt;/a&gt;
                        
                            (Oct. 12, 2022, 2 p.m., Workshop 4 → Oct. 13, 2022, 10 a.m., Workshop 3)
                        
                    &lt;/li&gt;
                
                    &lt;li&gt;&lt;a href="/devcon-vi-2022/talk/CVJSUW/"&gt;
                        “Why and How to Run a Node! (No ETH Required)”
                        
                            by Johns Gresham
                        
                    &lt;/a&gt;
                        
                            (Oct. 12, 2022, 3 p.m. → Oct. 12, 2022, 2 p.m.)
                        
                    &lt;/li&gt;
                
                    &lt;li&gt;&lt;a href="/devcon-vi-2022/talk/DWE3SM/"&gt;
                        “Join the Swarm: how to run a light node or full node”
                        
                            by Attila Gazso
                        
                    &lt;/a&gt;
                        
                            (Oct. 13, 2022, 10 a.m., Workshop 3 → Oct. 12, 2022, 3 p.m., Workshop 4)
                        
                    &lt;/li&gt;
                
            &lt;/ul&gt;
        
    


</summary></entry><entry><title>New Devcon VI schedule released (0.5)</title><link href="https://speak.devcon.org/devcon-vi-2022/schedule/changelog/#0.5" rel="alternate"></link><published>2022-10-06T18:36:46.864885+00:00</published><id>https://speak.devcon.org/devcon-vi-2022/schedule/changelog/#0.5</id><summary type="html">

&lt;p&gt;
    
        A new Devcon VI schedule has been released!
    
&lt;/p&gt;




    &lt;p&gt;&lt;p&gt;We released a new schedule version!&lt;/p&gt;&lt;/p&gt;


    
        
            &lt;p&gt;We have a new session: 
                
                    &lt;a href="/devcon-vi-2022/talk/DNEG8Y/"&gt;
                        “Web3 in the Ukraine government: integration &amp;amp; impact”
                        
                            by Max Semenchuk
                        
                    &lt;/a&gt;.
                
        &lt;/p&gt;
    

    
        
            &lt;p&gt;We sadly had to cancel a session: 
                
                    “Hold”
                    
                        by Ethereum Foundation.
                    
                &lt;/p&gt;
        
    

    
        
            &lt;p&gt;We have moved a session around: 
                
                    &lt;a href="/devcon-vi-2022/talk/AYZX8E/"&gt;
                        “Let&amp;#x27;s start a RAI-ot!”
                        
                            by Fabio Hildebrand
                        
                    &lt;/a&gt;
                    
                        (Oct. 11, 2022, 1:30 p.m., Talk 1 → Oct. 13, 2022, 10:30 a.m., Talk 4).
                    
                &lt;/p&gt;
        
    


</summary></entry><entry><title>New Devcon VI schedule released (0.4)</title><link href="https://speak.devcon.org/devcon-vi-2022/schedule/changelog/#0.4" rel="alternate"></link><published>2022-10-06T02:50:13.329480+00:00</published><id>https://speak.devcon.org/devcon-vi-2022/schedule/changelog/#0.4</id><summary type="html">

&lt;p&gt;
    
        A new Devcon VI schedule has been released!
    
&lt;/p&gt;




    &lt;p&gt;&lt;p&gt;We released a new schedule version!&lt;/p&gt;&lt;/p&gt;


    
        
            &lt;p&gt;We have new sessions!&lt;/p&gt;
            &lt;ul&gt;
                
                    &lt;li&gt;&lt;a href="/devcon-vi-2022/talk/SFFEVV/"&gt;
                        “ERC lightning talks”
                        
                    &lt;/a&gt;&lt;/li&gt;
                
                    &lt;li&gt;&lt;a href="/devcon-vi-2022/talk/9QYTX3/"&gt;
                        “Streameth: Decentralized Video CMS”
                        
                    &lt;/a&gt;&lt;/li&gt;
                
            &lt;/ul&gt;
        &lt;/p&gt;
    

    
        
            &lt;p&gt;Sadly, we had to cancel sessions:&lt;/p&gt;
            &lt;ul&gt;
                
                    &lt;li&gt;
                        “Workshops”
                        
                            by Ethereum Foundation
                        
                    &lt;/li&gt;
                
                    &lt;li&gt;
                        “Hold”
                        
                            by Ethereum Foundation
                        
                    &lt;/li&gt;
                
                    &lt;li&gt;
                        “Hold - Temporary”
                        
                            by Ethereum Foundation
                        
                    &lt;/li&gt;
                
            &lt;/ul&gt;
        
    

    
        
            &lt;p&gt;We had to move some sessions, so if you were planning on seeing them, check their new dates or locations:&lt;/p&gt;
            &lt;ul&gt;
                
                    &lt;li&gt;&lt;a href="/devcon-vi-2022/talk/XPHSYR/"&gt;
                        “Advanced Seaport Techniques”
                        
                            by Zero Age
                        
                    &lt;/a&gt;
                        
                            (Oct. 12, 2022, 1 p.m. → Oct. 14, 2022, 11 a.m.)
                        
                    &lt;/li&gt;
                
                    &lt;li&gt;&lt;a href="/devcon-vi-2022/talk/U8GHK9/"&gt;
                        “Participant Experience Design”
                        
                            by Althea Allen, Rachel, Scott Moore, Hester
                        
                    &lt;/a&gt;
                        
                            (Oct. 11, 2022, 2:30 p.m., Workshop 2 → Oct. 12, 2022, 1 p.m., Workshop 4)
                        
                    &lt;/li&gt;
                
                    &lt;li&gt;&lt;a href="/devcon-vi-2022/talk/7JJFFH/"&gt;
                        “Geth Team AMA”
                        
                            by Marius van der Wijden, lightclient, Guillaume Ballet, Péter Szilágyi
                        
                    &lt;/a&gt;
                        
                            (Oct. 12, 2022, 1:30 p.m. → Oct. 12, 2022, 1 p.m.)
                        
                    &lt;/li&gt;
                
                    &lt;li&gt;&lt;a href="/devcon-vi-2022/talk/NHWBJH/"&gt;
                        “Building blockchain products for UNICEF. How to get involved.”
                        
                            by Shane O&amp;#x27;Connor, Naroa, Gerben Kijne
                        
                    &lt;/a&gt;
                        
                            (Oct. 14, 2022, 1 p.m., Workshop 3 → Oct. 11, 2022, 2:30 p.m., Workshop 2)
                        
                    &lt;/li&gt;
                
            &lt;/ul&gt;
        
    


</summary></entry><entry><title>New Devcon VI schedule released (0.3)</title><link href="https://speak.devcon.org/devcon-vi-2022/schedule/changelog/#0.3" rel="alternate"></link><published>2022-10-04T22:18:03.296228+00:00</published><id>https://speak.devcon.org/devcon-vi-2022/schedule/changelog/#0.3</id><summary type="html">

&lt;p&gt;
    
        A new Devcon VI schedule has been released!
    
&lt;/p&gt;




    &lt;p&gt;&lt;p&gt;We released a new schedule version!&lt;/p&gt;&lt;/p&gt;


    
        
            &lt;p&gt;We have new sessions!&lt;/p&gt;
            &lt;ul&gt;
                
                    &lt;li&gt;&lt;a href="/devcon-vi-2022/talk/VKSG8L/"&gt;
                        “Spin it up - spin up your own Ethereum validator on testnet”
                        
                    &lt;/a&gt;&lt;/li&gt;
                
                    &lt;li&gt;&lt;a href="/devcon-vi-2022/talk/8UDYZP/"&gt;
                        “Web3 Adoption in Africa”
                        
                    &lt;/a&gt;&lt;/li&gt;
                
                    &lt;li&gt;&lt;a href="/devcon-vi-2022/talk/CTBFSQ/"&gt;
                        “ELI5: Zero Knowledge”
                        
                    &lt;/a&gt;&lt;/li&gt;
                
                    &lt;li&gt;&lt;a href="/devcon-vi-2022/talk/DNUL7S/"&gt;
                        “Giga: How Can Blockchain Help Connect the Next Billion”
                        
                    &lt;/a&gt;&lt;/li&gt;
                
                    &lt;li&gt;&lt;a href="/devcon-vi-2022/talk/F9RJVX/"&gt;
                        “Hold”
                        
                    &lt;/a&gt;&lt;/li&gt;
                
                    &lt;li&gt;&lt;a href="/devcon-vi-2022/talk/V8TRFU/"&gt;
                        “ELI5: Scaling Ethereum”
                        
                    &lt;/a&gt;&lt;/li&gt;
                
                    &lt;li&gt;&lt;a href="/devcon-vi-2022/talk/BEPJ3A/"&gt;
                        “Climate Change or Social Change? The Role of Blockchain”
                        
                    &lt;/a&gt;&lt;/li&gt;
                
                    &lt;li&gt;&lt;a href="/devcon-vi-2022/talk/C8HYJZ/"&gt;
                        “ELI5: Account Abstraction”
                        
                    &lt;/a&gt;&lt;/li&gt;
                
                    &lt;li&gt;&lt;a href="/devcon-vi-2022/talk/AC3BAK/"&gt;
                        “Fighting for Crypto&amp;#x27;s Future: The State of Regulation &amp;amp; Advocacy”
                        
                    &lt;/a&gt;&lt;/li&gt;
                
                    &lt;li&gt;&lt;a href="/devcon-vi-2022/talk/RCEEUM/"&gt;
                        “Modular Rollup Theory Through the Lens of the OP Stack”
                        
                    &lt;/a&gt;&lt;/li&gt;
                
                    &lt;li&gt;&lt;a href="/devcon-vi-2022/talk/NHWBJH/"&gt;
                        “Building blockchain products for UNICEF. How to get involved.”
                        
                    &lt;/a&gt;&lt;/li&gt;
                
            &lt;/ul&gt;
        &lt;/p&gt;
    

    
        
            &lt;p&gt;Sadly, we had to cancel sessions:&lt;/p&gt;
            &lt;ul&gt;
                
                    &lt;li&gt;
                        “ERC lightning talks”
                        
                            by timdaub, Anett Rolikova
                        
                    &lt;/li&gt;
                
                    &lt;li&gt;
                        “Giga, Unicef and Government”
                        
                            by Ethereum Foundation Fellows
                        
                    &lt;/li&gt;
                
                    &lt;li&gt;
                        “Lessons from the TxPool”
                        
                            by lightclient
                        
                    &lt;/li&gt;
                
                    &lt;li&gt;
                        “Workshops”
                        
                            by Ethereum Foundation
                        
                    &lt;/li&gt;
                
                    &lt;li&gt;
                        “The Future of Democracy Hinges on Privacy Development in Web3”
                        
                            by David Chaum
                        
                    &lt;/li&gt;
                
                    &lt;li&gt;
                        “Local Engagement Panel”
                        
                            by Ethereum Foundation
                        
                    &lt;/li&gt;
                
            &lt;/ul&gt;
        
    

    
        
            &lt;p&gt;We had to move some sessions, so if you were planning on seeing them, check their new dates or locations:&lt;/p&gt;
            &lt;ul&gt;
                
                    &lt;li&gt;&lt;a href="/devcon-vi-2022/talk/B3UQM7/"&gt;
                        “There Are Many Alternatives: Unlocking Civilizational Hypercomplexity with Ethereum”
                        
                            by Venkatesh Rao
                        
                    &lt;/a&gt;
                        
                            (Oct. 11, 2022, noon → Oct. 11, 2022, 12:30 p.m.)
                        
                    &lt;/li&gt;
                
                    &lt;li&gt;&lt;a href="/devcon-vi-2022/talk/ERDPUV/"&gt;
                        “Hold - Temporary”
                        
                            by Ethereum Foundation
                        
                    &lt;/a&gt;
                        
                            (Oct. 14, 2022, 10 a.m., Talk 1 → Oct. 12, 2022, 1 p.m., Talk 2)
                        
                    &lt;/li&gt;
                
                    &lt;li&gt;&lt;a href="/devcon-vi-2022/talk/7G8KPV/"&gt;
                        “Fuel: Scaling Ethereum with the Fastest Modular Execution Layer”
                        
                            by John Adler
                        
                    &lt;/a&gt;
                        
                            (Oct. 12, 2022, 12:20 p.m., Talk 4 → Oct. 11, 2022, 5:30 p.m., Workshop 3)
                        
                    &lt;/li&gt;
                
                    &lt;li&gt;&lt;a href="/devcon-vi-2022/talk/7LHLPB/"&gt;
                        “Opening Ceremonies”
                        
                            by Skylar Weaver, Danny Ryan, Trent Van Epps, Tim Beiko, Aya Miyaguchi, Vitalik Buterin
                        
                    &lt;/a&gt;
                        
                            (Oct. 11, 2022, 9:30 a.m. → Oct. 11, 2022, 9:45 a.m.)
                        
                    &lt;/li&gt;
                
                    &lt;li&gt;&lt;a href="/devcon-vi-2022/talk/CQ9FY9/"&gt;
                        “Hold”
                        
                            by Ethereum Foundation
                        
                    &lt;/a&gt;
                        
                            (Oct. 11, 2022, 4 p.m., Talk 1 → Oct. 13, 2022, 10:30 a.m., Talk 4)
                        
                    &lt;/li&gt;
                
                    &lt;li&gt;&lt;a href="/devcon-vi-2022/talk/8XLQUG/"&gt;
                        “[Panel] The Staking Economy: From Monolith to Modularity”
                        
                            by Collin Myers, Mara Schmiedt, Sreeram Kannan, Mark, Viktor Bunin | Coinbase Cloud
                        
                    &lt;/a&gt;
                        
                            (Oct. 14, 2022, 10 a.m., Talk 4 → Oct. 12, 2022, 5 p.m., Workshop 4)
                        
                    &lt;/li&gt;
                
                    &lt;li&gt;&lt;a href="/devcon-vi-2022/talk/B7QJC3/"&gt;
                        “Building Parallel Economy Using Ethereum”
                        
                            by Mario Havel
                        
                    &lt;/a&gt;
                        
                            (Oct. 13, 2022, 10 a.m. → Oct. 13, 2022, 3 p.m.)
                        
                    &lt;/li&gt;
                
                    &lt;li&gt;&lt;a href="/devcon-vi-2022/talk/ADVND7/"&gt;
                        “EVM Panel”
                        
                            by Alex Beregszaszi, Paweł Bylica
                        
                    &lt;/a&gt;
                        
                            (Oct. 12, 2022, 1 p.m., Talk 2 → Oct. 14, 2022, 10 a.m., Talk 4)
                        
                    &lt;/li&gt;
                
                    &lt;li&gt;&lt;a href="/devcon-vi-2022/talk/RDKPVL/"&gt;
                        “What&amp;#x27;s next in EVM”
                        
                            by Alex Beregszaszi, Paweł Bylica
                        
                    &lt;/a&gt;
                        
                            (Oct. 14, 2022, 12:30 p.m. → Oct. 12, 2022, 12:20 p.m.)
                        
                    &lt;/li&gt;
                
                    &lt;li&gt;&lt;a href="/devcon-vi-2022/talk/TMZZUH/"&gt;
                        “The Influence of Crypto Regulation on Open Blockchains: Opportunities and Challenges”
                        
                            by Florian Glatz, Marina Markezic, Simon Polrot
                        
                    &lt;/a&gt;
                        
                            (Oct. 12, 2022, 2 p.m. → Oct. 12, 2022, 3 p.m.)
                        
                    &lt;/li&gt;
                
                    &lt;li&gt;&lt;a href="/devcon-vi-2022/talk/8VHU3E/"&gt;
                        “How to Integrate Diverse Sources of Reputational Evidence: Learnings from the Lens Protocol Reputation System”
                        
                            by Pedro Alcocer
                        
                    &lt;/a&gt;
                        
                            (Oct. 13, 2022, 10:30 a.m. → Oct. 13, 2022, 12:20 p.m.)
                        
                    &lt;/li&gt;
                
                    &lt;li&gt;&lt;a href="/devcon-vi-2022/talk/RTBLFL/"&gt;
                        “MEV NFT: ERC-721 Fork for Blocking Atomic Arbitrage”
                        
                            by Franz
                        
                    &lt;/a&gt;
                        
                            (Oct. 13, 2022, 12:20 p.m. → Oct. 13, 2022, 12:10 p.m.)
                        
                    &lt;/li&gt;
                
                    &lt;li&gt;&lt;a href="/devcon-vi-2022/talk/9CCBZF/"&gt;
                        “How Bridges Improve L2 Composability”
                        
                            by Georgios Gontikas
                        
                    &lt;/a&gt;
                        
                            (Oct. 13, 2022, 12:30 p.m., Talk 3 → Oct. 11, 2022, 4:50 p.m., Talk 4)
                        
                    &lt;/li&gt;
                
                    &lt;li&gt;&lt;a href="/devcon-vi-2022/talk/FX7S3P/"&gt;
                        “Like a Kindergeburtstag - Ethereum Node in under 3 minutes with Stereum”
                        
                            by Stefan Kobrc
                        
                    &lt;/a&gt;
                        
                            (Oct. 13, 2022, 12:10 p.m. → Oct. 13, 2022, noon)
                        
                    &lt;/li&gt;
                
                    &lt;li&gt;&lt;a href="/devcon-vi-2022/talk/RAPTXZ/"&gt;
                        “ELI5: Cryptoeconomics”
                        
                            by Julian Ma
                        
                    &lt;/a&gt;
                        
                            (Oct. 11, 2022, 1:30 p.m. → Oct. 11, 2022, 4:25 p.m.)
                        
                    &lt;/li&gt;
                
                    &lt;li&gt;&lt;a href="/devcon-vi-2022/talk/QGGX9G/"&gt;
                        “Self-Sovereign Digital Identity”
                        
                            by Diego Fernandez
                        
                    &lt;/a&gt;
                        
                            (Oct. 13, 2022, 3 p.m., Talk 1 → Oct. 14, 2022, 10 a.m., Talk 5)
                        
                    &lt;/li&gt;
                
                    &lt;li&gt;&lt;a href="/devcon-vi-2022/talk/THFEMU/"&gt;
                        “The Role UNICEF Plays in Encouraging the “Impact Trinity” – Real world Use-cases, Open-source Software and For-Profit Business models”
                        
                            by Evelyn Casanova, Shane O&amp;#x27;Connor
                        
                    &lt;/a&gt;
                        
                            (Oct. 12, 2022, 1 p.m. → Oct. 12, 2022, 2 p.m.)
                        
                    &lt;/li&gt;
                
                    &lt;li&gt;&lt;a href="/devcon-vi-2022/talk/FWQDXE/"&gt;
                        “Skiff”
                        
                            by Andrew Milich
                        
                    &lt;/a&gt;
                        
                            (Oct. 11, 2022, 1 p.m., Talk 5 - Opening Ceremonies → Oct. 13, 2022, 10 a.m., Talk 1)
                        
                    &lt;/li&gt;
                
                    &lt;li&gt;&lt;a href="/devcon-vi-2022/talk/UHL78G/"&gt;
                        “Cryptoeconomics Dive: LP Volatility Harvesting Across Yield Rates”
                        
                            by Will Villanueva
                        
                    &lt;/a&gt;
                        
                            (Oct. 13, 2022, noon, Talk 4 → Oct. 14, 2022, noon, Talk 3)
                        
                    &lt;/li&gt;
                
                    &lt;li&gt;&lt;a href="/devcon-vi-2022/talk/XUVZTP/"&gt;
                        “Ethereum Event Showcase”
                        
                            by Juan David Reyes
                        
                    &lt;/a&gt;
                        
                            (Oct. 14, 2022, noon, Talk 3 → Oct. 14, 2022, 2 p.m., Talk 2)
                        
                    &lt;/li&gt;
                
                    &lt;li&gt;&lt;a href="/devcon-vi-2022/talk/FSAHLR/"&gt;
                        “The KZG Ceremony - or How I Learnt to Stop Worrying and Love Trusted Setups”
                        
                            by Carl Beekhuizen
                        
                    &lt;/a&gt;
                        
                            (Oct. 13, 2022, 2:30 p.m. → Oct. 13, 2022, 3 p.m.)
                        
                    &lt;/li&gt;
                
                    &lt;li&gt;&lt;a href="/devcon-vi-2022/talk/ETHXDV/"&gt;
                        “Making Sense of the Ethereum Foundation”
                        
                            by Josh Stark
                        
                    &lt;/a&gt;
                        
                            (Oct. 11, 2022, 12:30 p.m. → Oct. 11, 2022, 1 p.m.)
                        
                    &lt;/li&gt;
                
                    &lt;li&gt;&lt;a href="/devcon-vi-2022/talk/QZMLVJ/"&gt;
                        “Optimism’s OP Stack”
                        
                            by Karl Floersch
                        
                    &lt;/a&gt;
                        
                            (Oct. 14, 2022, 2 p.m., Talk 2 → Oct. 12, 2022, 1 p.m., Talk 1)
                        
                    &lt;/li&gt;
                
                    &lt;li&gt;&lt;a href="/devcon-vi-2022/talk/NESKMJ/"&gt;
                        “How Latam cities are thinking about blockchain solutions.”
                        
                            by Jaime Pumarejo, Diego Fernandez, Mauricio Tovar, Irais Reyes, Alfredo Bateman
                        
                    &lt;/a&gt;
                        
                            (Oct. 11, 2022, 4:30 p.m. → Oct. 11, 2022, 4:25 p.m.)
                        
                    &lt;/li&gt;
                
            &lt;/ul&gt;
        
    


</summary></entry><entry><title>New Devcon VI schedule released (0.2)</title><link href="https://speak.devcon.org/devcon-vi-2022/schedule/changelog/#0.2" rel="alternate"></link><published>2022-09-28T21:12:08.060760+00:00</published><id>https://speak.devcon.org/devcon-vi-2022/schedule/changelog/#0.2</id><summary type="html">

&lt;p&gt;
    
        A new Devcon VI schedule has been released!
    
&lt;/p&gt;




    &lt;p&gt;&lt;p&gt;We released a new schedule version!&lt;/p&gt;&lt;/p&gt;


    
        
            &lt;p&gt;We have new sessions!&lt;/p&gt;
            &lt;ul&gt;
                
                    &lt;li&gt;&lt;a href="/devcon-vi-2022/talk/ERDPUV/"&gt;
                        “Hold - Temporary”
                        
                    &lt;/a&gt;&lt;/li&gt;
                
                    &lt;li&gt;&lt;a href="/devcon-vi-2022/talk/MXF9PW/"&gt;
                        “Everything a Solo Staker Should Know for the Next Phase of Ethereum”
                        
                    &lt;/a&gt;&lt;/li&gt;
                
                    &lt;li&gt;&lt;a href="/devcon-vi-2022/talk/XPHSYR/"&gt;
                        “Advanced Seaport Techniques”
                        
                    &lt;/a&gt;&lt;/li&gt;
                
                    &lt;li&gt;&lt;a href="/devcon-vi-2022/talk/CVJSUW/"&gt;
                        “Why and How to Run a Node! (No ETH Required)”
                        
                    &lt;/a&gt;&lt;/li&gt;
                
                    &lt;li&gt;&lt;a href="/devcon-vi-2022/talk/7JJFFH/"&gt;
                        “Geth Team AMA”
                        
                    &lt;/a&gt;&lt;/li&gt;
                
                    &lt;li&gt;&lt;a href="/devcon-vi-2022/talk/QGGX9G/"&gt;
                        “Self-Sovereign Digital Identity”
                        
                    &lt;/a&gt;&lt;/li&gt;
                
                    &lt;li&gt;&lt;a href="/devcon-vi-2022/talk/8Y8DLG/"&gt;
                        “Bottom Up Building: Pathways towards a Decentralized Society”
                        
                    &lt;/a&gt;&lt;/li&gt;
                
                    &lt;li&gt;&lt;a href="/devcon-vi-2022/talk/DWE3SM/"&gt;
                        “Join the Swarm: how to run a light node or full node”
                        
                    &lt;/a&gt;&lt;/li&gt;
                
                    &lt;li&gt;&lt;a href="/devcon-vi-2022/talk/CQ9FY9/"&gt;
                        “Hold”
                        
                    &lt;/a&gt;&lt;/li&gt;
                
                    &lt;li&gt;&lt;a href="/devcon-vi-2022/talk/FNRCQX/"&gt;
                        “Introducción a Scaffold-ETH y SpeedRunEthereum”
                        
                    &lt;/a&gt;&lt;/li&gt;
                
                    &lt;li&gt;&lt;a href="/devcon-vi-2022/talk/8YZTRZ/"&gt;
                        “GHO”
                        
                    &lt;/a&gt;&lt;/li&gt;
                
                    &lt;li&gt;&lt;a href="/devcon-vi-2022/talk/QXERQK/"&gt;
                        “Supporting the Ethereum Roadmap with a Decentralized Blockchain Data Supply Chain”
                        
                    &lt;/a&gt;&lt;/li&gt;
                
                    &lt;li&gt;&lt;a href="/devcon-vi-2022/talk/JPJTZS/"&gt;
                        “StarkNet 101 Workshop - Getting started with unlimited scalability”
                        
                    &lt;/a&gt;&lt;/li&gt;
                
                    &lt;li&gt;&lt;a href="/devcon-vi-2022/talk/D8PG7L/"&gt;
                        “MUD: an Engine for On-chain Games”
                        
                    &lt;/a&gt;&lt;/li&gt;
                
                    &lt;li&gt;&lt;a href="/devcon-vi-2022/talk/FJDZSC/"&gt;
                        “How to Design DVT While Ensuring Non-Correlation”
                        
                    &lt;/a&gt;&lt;/li&gt;
                
                    &lt;li&gt;&lt;a href="/devcon-vi-2022/talk/VJHJGD/"&gt;
                        “How to Talk to g̵i̵r̵l̵s̵ Users at p̵a̵r̵t̵i̵e̵s̵ Your App: How to Do User Research in a Remote Environment”
                        
                    &lt;/a&gt;&lt;/li&gt;
                
                    &lt;li&gt;&lt;a href="/devcon-vi-2022/talk/KVMVBU/"&gt;
                        “How to Run a Validator From Zero on Resource-Constrained and Low Powered Devices”
                        
                    &lt;/a&gt;&lt;/li&gt;
                
                    &lt;li&gt;&lt;a href="/devcon-vi-2022/talk/UHL78G/"&gt;
                        “Cryptoeconomics Dive: LP Volatility Harvesting Across Yield Rates”
                        
                    &lt;/a&gt;&lt;/li&gt;
                
            &lt;/ul&gt;
        &lt;/p&gt;
    

    
        
            &lt;p&gt;Sadly, we had to cancel sessions:&lt;/p&gt;
            &lt;ul&gt;
                
                    &lt;li&gt;
                        “Intro Workshops”
                        
                            by Ethereum Foundation
                        
                    &lt;/li&gt;
                
                    &lt;li&gt;
                        “UNICEF Talk - Session to present the CryptoFund”
                        
                            by Ethereum Foundation
                        
                    &lt;/li&gt;
                
                    &lt;li&gt;
                        “Legal Wrappers and DAOs”
                        
                            by Rodrigo
                        
                    &lt;/li&gt;
                
                    &lt;li&gt;
                        “Unicef Panel - Digital Public Goods”
                        
                            by Ethereum Foundation
                        
                    &lt;/li&gt;
                
                    &lt;li&gt;
                        “Intro Workshops”
                        
                            by Ethereum Foundation
                        
                    &lt;/li&gt;
                
                    &lt;li&gt;
                        “Crosschain patterns”
                        
                            by Fred
                        
                    &lt;/li&gt;
                
            &lt;/ul&gt;
        
    

    
        
            &lt;p&gt;We had to move some sessions, so if you were planning on seeing them, check their new dates or locations:&lt;/p&gt;
            &lt;ul&gt;
                
                    &lt;li&gt;&lt;a href="/devcon-vi-2022/talk/7LHLPB/"&gt;
                        “Opening Ceremonies”
                        
                            by Skylar Weaver, Danny Ryan, Trent Van Epps, Tim Beiko, Aya Miyaguchi, Vitalik Buterin
                        
                    &lt;/a&gt;
                        
                            (Oct. 11, 2022, 9:45 a.m. → Oct. 11, 2022, 9:30 a.m.)
                        
                    &lt;/li&gt;
                
                    &lt;li&gt;&lt;a href="/devcon-vi-2022/talk/HFPLPD/"&gt;
                        “Publisher’s Denial of Digital Ownership vs Decentralization”
                        
                    &lt;/a&gt;
                        
                            (Oct. 13, 2022, 12:30 p.m. → Oct. 12, 2022, 12:30 p.m.)
                        
                    &lt;/li&gt;
                
                    &lt;li&gt;&lt;a href="/devcon-vi-2022/talk/VSZB3V/"&gt;
                        “Workshops”
                        
                            by Ethereum Foundation
                        
                    &lt;/a&gt;
                        
                            (Oct. 14, 2022, 10 a.m. → Oct. 14, 2022, 11 a.m.)
                        
                    &lt;/li&gt;
                
                    &lt;li&gt;&lt;a href="/devcon-vi-2022/talk/WZYHYE/"&gt;
                        “Universal Basic Income for Humanity”
                        
                            by Santiago Siri
                        
                    &lt;/a&gt;
                        
                            (Oct. 12, 2022, noon, Talk 5 → Oct. 13, 2022, 10:30 a.m., Talk 1)
                        
                    &lt;/li&gt;
                
                    &lt;li&gt;&lt;a href="/devcon-vi-2022/talk/PNYZDB/"&gt;
                        “Remix intro workshop - EN ESPAÑOL”
                        
                            by Moritz Stellmacher
                        
                    &lt;/a&gt;
                        
                            (Oct. 11, 2022, 12:30 p.m. → Oct. 12, 2022, 10 a.m.)
                        
                    &lt;/li&gt;
                
                    &lt;li&gt;&lt;a href="/devcon-vi-2022/talk/ELDVRA/"&gt;
                        “The Fight for MEV”
                        
                            by Alex Vinyas
                        
                    &lt;/a&gt;
                        
                            (Oct. 11, 2022, 2:30 p.m., Talk 4 → Oct. 12, 2022, 11 a.m., Talk 3)
                        
                    &lt;/li&gt;
                
                    &lt;li&gt;&lt;a href="/devcon-vi-2022/talk/GFBHAP/"&gt;
                        “A Breakdown of Ethereum Supply Distribution Since Genesis”
                        
                            by Christine Kim
                        
                    &lt;/a&gt;
                        
                            (Oct. 11, 2022, 1 p.m. → Oct. 11, 2022, 2:30 p.m.)
                        
                    &lt;/li&gt;
                
                    &lt;li&gt;&lt;a href="/devcon-vi-2022/talk/EC8MBB/"&gt;
                        “Formal Methods for the Working DeFi Dev”
                        
                            by Rikard Hjort
                        
                    &lt;/a&gt;
                        
                            (Oct. 12, 2022, 1 p.m. → Oct. 12, 2022, 11 a.m.)
                        
                    &lt;/li&gt;
                
                    &lt;li&gt;&lt;a href="/devcon-vi-2022/talk/RDKPVL/"&gt;
                        “What&amp;#x27;s next in EVM”
                        
                            by Alex Beregszaszi, Paweł Bylica
                        
                    &lt;/a&gt;
                        
                            (Oct. 14, 2022, noon, Talk 3 → Oct. 14, 2022, 12:30 p.m., Talk 4)
                        
                    &lt;/li&gt;
                
                    &lt;li&gt;&lt;a href="/devcon-vi-2022/talk/MLAUUV/"&gt;
                        “Thinking Like an Auditor to Develop Safer Smart Contracts”
                        
                            by Dominic Bruetsch
                        
                    &lt;/a&gt;
                        
                            (Oct. 12, 2022, 11 a.m. → Oct. 12, 2022, 10 a.m.)
                        
                    &lt;/li&gt;
                
                    &lt;li&gt;&lt;a href="/devcon-vi-2022/talk/RJQZFR/"&gt;
                        “Why Only Virtual Money is Real Money”
                        
                            by Bruno Macaes
                        
                    &lt;/a&gt;
                        
                            (Oct. 12, 2022, 12:30 p.m. → Oct. 13, 2022, 12:30 p.m.)
                        
                    &lt;/li&gt;
                
                    &lt;li&gt;&lt;a href="/devcon-vi-2022/talk/UXMBLR/"&gt;
                        “An Overview of AMM Mechanisms”
                        
                            by Matt Deible
                        
                    &lt;/a&gt;
                        
                            (Oct. 12, 2022, 11 a.m., Talk 3 → Oct. 11, 2022, 2 p.m., Talk 4)
                        
                    &lt;/li&gt;
                
                    &lt;li&gt;&lt;a href="/devcon-vi-2022/talk/WWDVQA/"&gt;
                        “Hold”
                        
                            by Ethereum Foundation
                        
                    &lt;/a&gt;
                        
                            (Oct. 12, 2022, 10 a.m. → Oct. 12, 2022, 4 p.m.)
                        
                    &lt;/li&gt;
                
                    &lt;li&gt;&lt;a href="/devcon-vi-2022/talk/RAPTXZ/"&gt;
                        “ELI5: Cryptoeconomics”
                        
                            by Julian Ma
                        
                    &lt;/a&gt;
                        
                            (Oct. 11, 2022, 2:30 p.m. → Oct. 11, 2022, 1:30 p.m.)
                        
                    &lt;/li&gt;
                
                    &lt;li&gt;&lt;a href="/devcon-vi-2022/talk/YRFEMP/"&gt;
                        “Be a Superhero!  Tangible Actions to Support Diverse Builders and Show Allyship in Web3 Communities”
                        
                            by Gloria Kimbwala
                        
                    &lt;/a&gt;
                        
                            (Oct. 12, 2022, 10 a.m. → Oct. 12, 2022, 3 p.m.)
                        
                    &lt;/li&gt;
                
                    &lt;li&gt;&lt;a href="/devcon-vi-2022/talk/XUVZTP/"&gt;
                        “Ethereum Event Showcase”
                        
                            by Juan David Reyes
                        
                    &lt;/a&gt;
                        
                            (Oct. 13, 2022, 2 p.m., Talk 5 → Oct. 14, 2022, noon, Talk 3)
                        
                    &lt;/li&gt;
                
                    &lt;li&gt;&lt;a href="/devcon-vi-2022/talk/JXCNKQ/"&gt;
                        “Parameter Optimization and Emergent Behavior in DeFi: Agent Based Simulations and Reinforcement Learning”
                        
                            by David Siska, Marc, Tom McLean
                        
                    &lt;/a&gt;
                        
                            (Oct. 12, 2022, 2 p.m. → Oct. 12, 2022, 1 p.m.)
                        
                    &lt;/li&gt;
                
                    &lt;li&gt;&lt;a href="/devcon-vi-2022/talk/M97JEG/"&gt;
                        “Rollups Are the Most Secure Bridges”
                        
                            by Bartek Kiepuszewski
                        
                    &lt;/a&gt;
                        
                            (Oct. 13, 2022, noon → Oct. 12, 2022, noon)
                        
                    &lt;/li&gt;
                
                    &lt;li&gt;&lt;a href="/devcon-vi-2022/talk/9CCBZF/"&gt;
                        “How Bridges Improve L2 Composability”
                        
                            by Georgios Gontikas
                        
                    &lt;/a&gt;
                        
                            (Oct. 14, 2022, 12:20 p.m., Talk 4 → Oct. 13, 2022, 12:30 p.m., Talk 3)
                        
                    &lt;/li&gt;
                
                    &lt;li&gt;&lt;a href="/devcon-vi-2022/talk/M8VYSX/"&gt;
                        “Living on Ethereum”
                        
                            by Ale Machado
                        
                    &lt;/a&gt;
                        
                            (Oct. 13, 2022, 10:30 a.m., Talk 1 → Oct. 13, 2022, noon, Talk 5)
                        
                    &lt;/li&gt;
                
                    &lt;li&gt;&lt;a href="/devcon-vi-2022/talk/K3EVX3/"&gt;
                        “One Block, One Batch: Examining the Potential of Frequent Batch Auctions in Ethereum”
                        
                            by Anna George
                        
                    &lt;/a&gt;
                        
                            (Oct. 11, 2022, 2 p.m. → Oct. 11, 2022, 1 p.m.)
                        
                    &lt;/li&gt;
                
                    &lt;li&gt;&lt;a href="/devcon-vi-2022/talk/YXANLZ/"&gt;
                        “Launch Your Own Validator Node”
                        
                            by Maggie Love
                        
                    &lt;/a&gt;
                        
                            (Oct. 13, 2022, 10 a.m., Workshop 3 → Oct. 14, 2022, 10 a.m., Workshop 4)
                        
                    &lt;/li&gt;
                
                    &lt;li&gt;&lt;a href="/devcon-vi-2022/talk/U9BVUS/"&gt;
                        “The Showdown: Best Ethereum Language”
                        
                            by Hari, Leo Alt, Alex Beregszaszi
                        
                    &lt;/a&gt;
                        
                            (Oct. 13, 2022, 11 a.m., Talk 4 → Oct. 13, 2022, 5 p.m., Workshop 3)
                        
                    &lt;/li&gt;
                
                    &lt;li&gt;&lt;a href="/devcon-vi-2022/talk/7FKGQ7/"&gt;
                        “The Future of Wallets: MPC vs Smart Wallets”
                        
                            by Ivo Georgiev
                        
                    &lt;/a&gt;
                        
                            (Oct. 13, 2022, noon → Oct. 14, 2022, 12:20 p.m.)
                        
                    &lt;/li&gt;
                
            &lt;/ul&gt;
        
    


</summary></entry><entry><title>New Devcon VI schedule released (0.1)</title><link href="https://speak.devcon.org/devcon-vi-2022/schedule/changelog/#0.1" rel="alternate"></link><published>2022-09-13T02:15:32.617016+00:00</published><id>https://speak.devcon.org/devcon-vi-2022/schedule/changelog/#0.1</id><summary type="html">

&lt;p&gt;
    
        The first Devcon VI schedule has been released!
    
&lt;/p&gt;




    &lt;p&gt;&lt;p&gt;Draft version of the DevconVI Schedule.&lt;/p&gt;&lt;/p&gt;



</summary></entry></feed>